Symbol,Name,Atomic_Number,Atomic_Weight,Standard_Atomic_Weight,Conventional_Atomic_Weight,Density,Melting_Point,Boiling_Point,Phase,Critical_Pressure,Critical_Temperature,Heat_of_Fusion,Heat_of_Vapourization,Specific_Heat_Capacity,Adiabatic_Index,Neel_Point,Thermal_Conductivity,Thermal_Expansion,Density_Liquid,Molar_Volume,Brinell_Hardness,Mohs_Hardness,Vickers_Hardness,Bulk_Modulus,Shear_Modulus,Young_Modulus,Poisson_Ratio,Refractive_Index,Speed_of_Sound,Valence,Electronegativity,Electron_Affinity,DOT_Hazard_Class,DOT_Numbers,RTECS_Number,Block,Group,Period,Group_Left_Step,Period_Left_Step,Series,Electron_Configuration,Colour,Gas_Phase_Configuration,CAS_Number,CID_Number,Electrical_Type,Electrical_Conductivity,Electrical_Resistivity,Superconducting_Point,Magnetic_Type,Curie_Temperature,Magnetic_Susceptibility_Volume,Percent_in_Universe,Percent_in_Sun,Percent_in_Meteorites,Percent_in_Earths_Crust,Percent_in_Oceans,Percent_in_Humans,Atomic_Radius,Covalent_Radius,van_der_Waals_Radius,Space_Group_Name,Space_Group_Name_LaTeX,Space_Group_Number,Half_Life,Lifetime,Decay_Mode,Quantum_Numbers,Neutron_Cross_Section,Neutron_Mass_Absorption,Autoignition_Point,Heat_of_Combustion,Gmelin_Number,Production_2010,Price_2010,Element_Descriptions,XKCD_Four_Elements,Natural_Occurrence
H,Hydrogen,1,1.00794,"[1.00784, 1.00811]",1.008,0.0899,14.01,20.28,Gas,1293000,32.97,0.558,0.452,14300,7/5,NA,0.1805,NA,NA,0.01121,NA,NA,NA,NA,NA,NA,NA,1.000132,1270,1,2.2,72.8,2.1,1966,RTECSMW8900000,s,1,1,31,1,Nonmetal,1s1,Colourless,Diatomic,CAS1333-74-0,CID783,NA,NA,NA,NA,Diamagnetic,NA,-2.23e-9,75,75,2.4,0.15,11,10,5.3e-11,3.1e-11,1.2e-10,P6_3/mmc,\ensuremath{P6_3/mmc},194,Inf,Inf,,2S1/2,0.332,0.011,808.65,NA,Gmelin3,63095734448,7.943,"Colourless, odourless gaseous chemical element. Lightest and most abundant element in the universe. Present in water and in all organic compounds. Chemically reacts with most elements. Discovered by Henry Cavendish in 1776.",Air,Primordial
He,Helium,2,4.002602,4.002602(2),4.003,0.1785,NA,4.21999999999997,Gas,227000,5.19,0.02,0.083,5193.1,5/3,NA,0.1513,NA,NA,0.022424,NA,NA,NA,NA,NA,NA,NA,1.000035,970,0,NA,0,2.2,1963,RTECSMH6520000,s,18,1,32,1,Noble Gas,1s2,Colourless,Monoatomic,CAS7440-59-7,CID23987,NA,NA,NA,NA,Diamagnetic,NA,-1.05e-9,23,23,NA,5.5e-7,7.2e-10,NA,3.1e-11,2.8e-11,1.4e-10,Fm-3m,\ensuremath{Fm\bar{3}m},225,Inf,Inf,,1S0,0.007,1e-5,NA,NA,Gmelin16294,19952623,3.162,"Colourless, odourless gaseous nonmetallic element. Belongs to group 18 of the periodic table. Lowest boiling point of all elements and can only be solidified under pressure. Chemically inert, no known compounds. Discovered in the solar spectrum in 1868 by Lockyer.",Air,Primordial
Li,Lithium,3,6.941,"[6.938, 6.997]",6.94,535,453.69,1615.15,Solid,67000000,3223,3,147,3570,NA,NA,85,4.6e-5,512,1.297e-5,NA,0.6,NA,11000000000,4200000000,4900000000,NA,NA,6000,1,0.98,59.6,4.3,1415,RTECSOJ5540000,s,1,2,31,2,Alkali Metal,[He]2s1,Silver,,CAS7439-93-2,CID3028194,Conductor,11000000,9.400000000002e-8,NA,Paramagnetic,NA,1.37e-5,6e-7,6e-9,1.7e-4,0.0017,1.8e-5,3e-6,1.67e-10,1.28e-10,1.82e-10,Im-3m,\ensuremath{Im\bar{3}m},229,Inf,Inf,,2S1/2,71,NA,452.15,-298,Gmelin30,25118864,31.62,Socket silvery metal. First member of group 1 of the periodic table. Lithium salts are used in psychomedicine.,Earth,Primordial
Be,Beryllium,4,9.012182,9.0121831(5),9.012,1848,1560.15,2743.15,Solid,NA,NA,7.95,297,1820,NA,NA,190,1.13e-5,1690,4.8767e-6,600000000,5.5,1670000000,130000000000,132000000000,287000000000,0.032,NA,13000,2,1.57,0,6.1,1567,RTECSDS1750000,s,2,2,32,2,Alkaline Earth Metal,[He]2s2,SlateGray,,CAS7440-41-7,CID5460467,Conductor,25000000,3.999999999998e-8,0.026,Diamagnetic,NA,-2.328e-5,1e-7,1e-8,2.9e-6,1.9e-4,6e-11,4e-8,1.12e-10,9.6e-11,NA,P6_3/mmc,\ensuremath{P6_3/mmc},194,Inf,Inf,,1S0,0.0092,3e-5,NA,NA,Gmelin16256,630957,NA,Grey metallic element of group 2 of the periodic table. Is toxic and can cause severe lung diseases and dermatitis. Shows high covalent character. It was isolated independently by F. Wohler and A.A. Bussy in 1828.,Earth,Primordial
B,Boron,5,10.811,"[10.806, 10.821]",10.81,2460,2348.15,4273.15,Solid,NA,NA,50,507,1030,NA,NA,27,6e-6,2080,4.3943e-6,NA,9.3,49000000000,320000000000,NA,NA,NA,NA,16200,3,2.04,26.7,,,RTECSED7350000,p,13,2,25,3,Metalloid,[He]2s22p1,Black,,CAS7440-42-8,CID5462311,Insulator,1e-4,10000,NA,Diamagnetic,NA,-2.14e-5,1e-7,2e-7,1.6e-4,8.6e-4,4.4e-4,7e-5,8.7e-11,8.5e-11,NA,R-3m,\ensuremath{R\bar{3}m},166,Inf,Inf,,2P1/2,760,2.4,NA,NA,Gmelin16262,1584893192,25.12,"An element of group 13 of the periodic table. There are two allotropes, amorphous boron is a brown power, but metallic boron is black. The metallic form is hard (9.3 on Mohs' scale) and a bad conductor in room temperatures. It is never found free in nature. Boron-10 is used in nuclear reactor control rods and shields. It was discovered in 1808 by Sir Humphry Davy and by J.L. Gay-Lussac and L.J. Thenard.",Earth,Primordial
C,Carbon,6,12.0107,"[12.0096, 12.0116]",12.01,2260,3823.15,4300.15,Solid,NA,NA,105,715,710,NA,NA,140,7.1e-6,NA,5.3146e-6,NA,0.5,NA,33000000000,NA,NA,NA,2.417,18350,4,2.55,153.9,4.2,1361,RTECSHL4158550,p,14,2,26,3,Nonmetal,[He]2s22p2,Black,,CAS7440-44-0,CID5462310,Conductor,100000,1e-5,NA,Diamagnetic,NA,-1.4e-5,0.5,0.3,1.5,0.18,0.0028,23,6.7e-11,7.6e-11,1.7e-10,P6_3/mmc,\ensuremath{P6_3/mmc},194,Inf,Inf,,3P0,0.0035,1.5e-5,758.15,-393,Gmelin8868,1584893192,1.514,"Carbon is a member of group 14 of the periodic table. It has three allotropic forms of it, diamonds, graphite and fullerite. Carbon-14 is commonly used in radioactive dating. Carbon occurs in all organic life and is the basis of organic chemistry. Carbon has the interesting chemical property of being able to bond with itself, and a wide variety of other elements.",Earth,Primordial
N,Nitrogen,7,14.0067,"[14.00643, 14.00728]",14.01,1.251,63.05,77.36,Gas,3390000,126.21,0.36,2.79,1040,7/5,NA,0.02583,NA,NA,0.011197,NA,NA,NA,NA,NA,NA,NA,1.000298,333.6,3,3.04,7,2.2,1977,RTECSQW9700000,p,15,2,27,3,Nonmetal,[He]2s22p3,Colourless,Diatomic,CAS7727-37-9,CID947,NA,NA,NA,NA,Diamagnetic,NA,-6.8e-9,0.1,0.1,0.14,0.002,5e-5,2.6,5.6e-11,7.1e-11,1.55e-10,P6_3/mmc,\ensuremath{P6_3/mmc},194,Inf,Inf,,4S3/2,1.91,0.0048,NA,NA,Gmelin150,125892541179,6.31,"Colourless, gaseous element which belongs to group 15 of the periodic table. Constitutes ~78% of the atmosphere and is an essential part of the ecosystem. Nitrogen for industrial purposes is acquired by the fractional distillation of liquid air. Chemically inactive, reactive generally only at high temperatures or in electrical discharges. It was discovered in 1772 by D. Rutherford.",Air,Primordial
O,Oxygen,8,15.9994,"[15.99903, 15.99977]",16,1.429,54.85,90.25,Gas,5043000,154.59,0.222,3.41,919,7/5,NA,0.02658,NA,NA,0.011196,NA,NA,NA,NA,NA,NA,NA,1.000271,317.5,2,3.44,141,2.2,1073,RTECSRS2060000,p,16,2,28,3,Chalcogen,[He]2s22p4,Colourless,Diatomic,CAS7782-44-7,CID977,NA,NA,NA,NA,Paramagnetic,NA,1.90772e-6,1,0.9,40,46,86,61,4.8e-11,6.6e-11,1.52e-10,C2/m,\ensuremath{C2/m},12,Inf,Inf,,3P2,2.8e-4,1e-6,NA,NA,Gmelin485,79432823472,0.03981,"A colourless, odourless gaseous element belonging to group 16 of the periodic table. It is the most abundant element present in the earth's crust. It also makes up 20.8% of the Earth's atmosphere. For industrial purposes, it is separated from liquid air by fractional distillation. It is used in high temperature welding, and in breathing. It commonly comes in the form of Oxygen, but is found as Ozone in the upper atmosphere. It was discovered by Priestley in 1774.",Air,Primordial
F,Fluorine,9,18.9984032,18.998403162(5),19,1.696,53.55,85.03,Gas,5172000,144.13,0.26,3.27,824,7/5,NA,0.0277,NA,NA,0.011202,NA,NA,NA,NA,NA,NA,NA,1.000195,NA,1,3.98,328,2.3,9192,RTECSLM6475000,p,17,2,29,3,Halogen,[He]2s22p5,Colourless,Diatomic,CAS7782-41-4,CID24524,NA,NA,NA,NA,NA,NA,NA,4e-5,5e-5,0.0087,0.054,1.3e-4,0.0037,4.2e-11,5.7e-11,1.47e-10,C2/c,\ensuremath{C2/c},15,Inf,Inf,,2P3/2,0.0096,2e-5,NA,NA,Gmelin16281,2511886432,NA,"A poisonous pale yellow gaseous element belonging to group 17 of the periodic table (The halogens). It is the most chemically reactive and electronegative element. It is highly dangerous, causing severe chemical burns on contact with flesh. Fluorine was identified by Scheele in 1771 and first isolated by Moissan in 1886.",Air,Primordial
Ne,Neon,10,20.1797,20.1797(6),20.18,0.9,24.56,27.07,Gas,2760000,44.4,0.34,1.75,1030,5/3,NA,0.0491,NA,NA,0.02242,NA,NA,NA,NA,NA,NA,NA,1.000067,936,0,NA,0,2.2,1913,RTECSQP4450000,p,18,2,30,3,Noble Gas,[He]2s22p6,Colourless,Monoatomic,CAS7440-01-9,CID23935,NA,NA,NA,NA,Diamagnetic,NA,-3.69e-9,0.13,0.1,NA,3e-7,1.2e-8,NA,3.8e-11,5.8e-11,1.54e-10,Fm-3m,\ensuremath{Fm\bar{3}m},225,Inf,Inf,,1S0,0.04,5.9e-4,NA,NA,Gmelin16211,5011872,316.2,"Colourless gaseous element of group 18 on the periodic table (noble gases). Neon occurs in the atmosphere, and comprises 0.0018% of the volume of the atmosphere. It has a distinct reddish glow when used in discharge tubes and neon based lamps. It forms almost no chemical compounds. Neon was discovered in 1898 by Sir William Ramsey and M.W. Travers.",Air,Primordial
Na,Sodium,11,22.98977,22.98976928(2),22.99,968,370.87,1156.15,Solid,35000000,2573,2.6,97.7,1230,NA,NA,140,7e-5,927,2.375e-5,690000,0.5,NA,6300000000,3300000000,10000000000,NA,NA,3200,1,0.93,52.8,4.3,1428,RTECSVY0686000,s,1,3,31,3,Alkali Metal,[Ne]3s1,Silver,,CAS7440-23-5,CID5360545,Conductor,21000000,4.699999999998e-8,NA,Paramagnetic,NA,8.6e-6,0.002,0.004,0.55,2.3,1.1,0.14,1.9e-10,1.66e-10,2.27e-10,Im-3m,\ensuremath{Im\bar{3}m},229,Inf,Inf,,2S1/2,0.53,7e-4,388.15,NA,Gmelin563,100000000000,NA,"Soft silvery reactive element belonging to group 1 of the periodic table (alkali metals). It is highly reactive, oxidizing in air and reacting violently with water, forcing it to be kept under oil. It was first isolated by Humphrey Davy in 1807.",Earth,Primordial
Mg,Magnesium,12,24.305,"[24.304, 24.307]",24.31,1738,923.15,1363.15,Solid,NA,NA,8.7,128,1020,NA,NA,160,2.48e-5,1584,1.3984e-5,260000000,2.5,NA,45000000000,17000000000,45000000000,0.29,NA,4602,2,1.31,0,4.1,2950,,s,2,3,32,3,Alkaline Earth Metal,[Ne]3s2,Silver,,CAS7439-95-4,CID5462224,Conductor,23000000,4.399999999999e-8,NA,Paramagnetic,NA,1.2e-5,0.059,0.07,12,2.9,0.13,0.027,1.45e-10,1.41e-10,1.73e-10,P6_3/mmc,\ensuremath{P6_3/mmc},194,Inf,Inf,,1S0,0.063,1e-4,745.15,-668,Gmelin16207,7079457844,3.162,"Silvery metallic element belonging to group 2 of the periodic table (alkaline-earth metals). It is essential for living organisms, and is used in a number of light alloys. Chemically very reactive, it forms a protective oxide coating when exposed to air and burns with an intense white flame. It also reacts with sulphur, nitrogen and the halogens. First isolated by Bussy in 1828.",Earth,Primordial
Al,Aluminium,13,26.981538,26.9815384(3),26.98,2700,933.47,2792.15,Solid,NA,NA,10.7,293,904,NA,NA,235,2.31e-5,2375,9.99e-6,245000000,2.75,167000000,76000000000,26000000000,70000000000,0.35,NA,5100,3,1.61,42.5,4.3,1396,RTECSBD0330000,p,13,3,25,4,Poor Metal,[Ne]3s23p1,Silver,,CAS7429-90-5,CID5359268,Conductor,38000000,2.6e-8,1.175,Paramagnetic,NA,2.11e-5,0.005,0.006,0.9,8.1,5e-7,9e-5,1.18e-10,1.21e-10,NA,Fm-3m,\ensuremath{Fm\bar{3}m},225,Inf,Inf,,2P1/2,0.233,0.03,673.15,NA,Gmelin16248,39810717055,1.995,"Silvery-white lustrous metallic element of group 3 of the periodic table. Highly reactive but protected by a thin transparent layer of the oxide which quickly forms in air. There are many alloys of aluminum, as well as a good number of industrial uses. Makes up 8.1% of the Earth's crust, by weight. Isolated in 1825 by H.C. Oersted.",Earth,Primordial
Si,Silicon,14,28.0855,"[28.084, 28.086]",28.09,2330,1687.15,3173.15,Solid,NA,NA,50.2,359,710,NA,NA,150,2.6e-6,2570,1.2054e-5,NA,6.5,9630130300,100000000000,NA,47000000000,NA,NA,2200,4,1.9,133.6,4.1,1346,RTECSVW0400000,p,14,3,26,4,Metalloid,[Ne]3s23p2,Gray,,CAS7440-21-3,CID5461123,Semiconductor,1000,0.001,NA,Diamagnetic,NA,-3.73e-6,0.07,0.09,14,27,1e-4,0.026,1.11e-10,1.11e-10,2.1e-10,Fd-3m,\ensuremath{Fd\bar{3}m},227,Inf,Inf,,3P0,0.166,2e-4,423.15,-9055,Gmelin61188,6309573445,2.512,"Metalloid element belonging to group 14 of the periodic table. It is the second most abundant element in the Earth's crust, making up 25.7% of it by weight. Chemically less reactive than carbon. First identified by Lavoisier in 1787 and first isolated in 1823 by Berzelius.",Earth,Primordial
P,Phosphorus,15,30.973761,30.973761998(5),30.97,1823,317.35,553.65,Solid,NA,NA,0.64,12.4,769.7,NA,NA,0.236,NA,NA,1.6991e-5,NA,NA,NA,11000000000,NA,NA,NA,1.001212,NA,5,2.19,71,4.1,,RTECSTH3495000,p,15,3,27,4,Nonmetal,[Ne]3s23p3,Colourless,,CAS7723-14-0,CID5462309,Conductor,10000000,1e-7,NA,Diamagnetic,NA,-2.06e-5,7e-4,7e-4,0.11,0.099,7e-6,1.1,9.8e-11,1.07e-10,1.8e-10,P-1,\ensuremath{P\bar{1}},2,Inf,Inf,,4S3/2,0.18,2e-4,573.15,NA,Gmelin8863,31622776602,0.5248,Non-metallic element belonging to group 15 of the periodic table. Has a multiple allotropic forms. Essential element for living organisms. It was discovered by Brandt in 1669.,Earth,Primordial
S,Sulfur,16,32.065,"[32.059, 32.076]",32.06,1960,388.36,717.87,Solid,20700000,1314,1.73,9.8,705,NA,NA,0.205,NA,1819,1.6357e-5,NA,2,NA,7700000000,NA,NA,NA,1.001111,NA,6,2.58,200,,,RTECSWS4250000,p,16,3,28,4,Chalcogen,[Ne]3s23p4,Yellow,,CAS7704-34-9,CID5362487,Insulator,1e-15,1e15,NA,Diamagnetic,NA,-1.22e-5,0.05,0.04,4,0.042,0.093,0.2,8.7e-11,1.05e-10,1.8e-10,Fddd,\ensuremath{Fddd},70,Inf,Inf,,3P2,0.52,5.5e-4,NA,NA,,63095734448,0.1995,"Yellow, nonmetallic element belonging to group 16 of the periodic table. It is an essential element in living organisms, needed in the amino acids cysteine and methionine, and hence in many proteins. Absorbed by plants from the soil as sulphate ion.",Earth,Primordial
Cl,Chlorine,17,35.453,"[35.446, 35.457]",35.45,3.214,171.65,239.11,Gas,7991000,416.9,3.2,10.2,478.2,7/5,NA,0.0089,NA,NA,0.01103,NA,NA,NA,1100000000,NA,NA,NA,1.000773,206,5,3.16,349,,,RTECSFO2100000,p,17,3,29,4,Halogen,[Ne]3s23p5,Yellow,Diatomic,CAS7782-50-5,CID24526,Insulator,0.01,100,NA,Diamagnetic,NA,-2.31e-8,1e-4,8e-4,0.037,0.017,2,0.12,7.9e-11,1.02e-10,1.75e-10,Cmca,\ensuremath{Cmca},64,Inf,Inf,,2P3/2,35.3,0.033,NA,NA,,50118723363,NA,"Halogen element. Poisonous greenish-yellow gas. Occurs widely in nature as sodium chloride in seawater. Reacts directly with many elements and compounds, strong oxidizing agent. Discovered by Karl Scheele in 1774. Humphrey David confirmed it as an element in 1810.",Air,Primordial
Ar,Argon,18,39.948,"[39.792, 39.963]",39.95,1.784,83.85,87.35,Gas,4898000,150.87,1.18,6.5,520.33,5/3,NA,0.01772,NA,NA,0.022392,NA,NA,NA,NA,NA,NA,NA,1.000281,319,0,NA,0,2.2,1951,RTECSCF2300000,p,18,3,30,4,Noble Gas,[Ne]3s23p6,Colourless,Monoatomic,CAS7440-37-1,CID23968,NA,NA,NA,NA,Diamagnetic,NA,-1.07e-8,0.02,0.007,NA,1.5e-4,4.5e-5,NA,7.1e-11,1.06e-10,1.88e-10,Fm-3m,\ensuremath{Fm\bar{3}m},225,Inf,Inf,,1S0,0.66,5.9e-4,NA,NA,Gmelin821,3162277660,0.6166,"Monatomic noble gas. Makes up 0.93% of the air. Colourless, odorless. Is inert and has no true compounds. Lord Rayleigh and Sir William Ramsey identified argon in 1894.",Air,Primordial
K,Potassium,19,39.0983,39.0983(1),39.1,856,336.53,1032.15,Solid,16000000,2223,2.33,76.9,757,NA,NA,100,NA,828,4.568e-5,363000,0.4,NA,3100000000,1300000000,NA,NA,NA,2000,1,0.82,48.4,4.3,2257,RTECSTS6460000,s,1,4,31,4,Alkali Metal,[Ar]4s1,Silver,,CAS7440-09-7,CID5462222,Conductor,14000000,7.000000000002e-8,NA,Paramagnetic,NA,5.74e-6,3e-4,4e-4,0.07,1.5,0.042,0.2,2.43e-10,2.03e-10,2.75e-10,Im-3m,\ensuremath{Im\bar{3}m},229,Inf,Inf,,2S1/2,2.1,0.0018,713.15,-182,Gmelin15203,25118864315,NA,"Soft silvery metallic element belonging to group 1 of the periodic table (alkali metals). Occurs naturally in seawater and a many minerals. Highly reactive, chemically, it resembles sodium in its behavior and compounds. Discovered by Sir Humphry Davy in 1807.",Earth,Primordial
Ca,Calcium,20,40.078,40.078(4),40.08,1550,1115.15,1757.15,Solid,NA,NA,8.54,155,631,NA,NA,200,2.23e-5,1378,2.5857e-5,167000000,1.75,NA,17000000000,7400000000,20000000000,0.31,NA,3810,2,1,2.37,4.2,1855,,s,2,4,32,4,Alkaline Earth Metal,[Ar]4s2,Silver,,CAS7440-70-2,CID5460341,Conductor,29000000,3.399999999999e-8,NA,Paramagnetic,NA,2.139e-5,0.007,0.007,1.1,5,4.2e-4,1.4,1.94e-10,1.76e-10,NA,Fm-3m,\ensuremath{Fm\bar{3}m},225,Inf,Inf,,1S0,0.43,3.7e-4,NA,-990,Gmelin16277,31622776602,NA,"Soft grey metallic element belonging to group 2 of the periodic table. Used a reducing agent in the extraction of thorium, zirconium and uranium. Essential element for living organisms.",Earth,Primordial
Sc,Scandium,21,44.95591,44.955907(4),44.96,2985,1814.15,3103.15,Solid,NA,NA,16,318,567,NA,NA,16,1.02e-5,2800,1.5061e-5,750000000,NA,NA,57000000000,29000000000,74000000000,0.28,NA,NA,3,1.36,18.1,4.1,3089,,d,3,4,15,5,Transition Metal,[Ar]4s23d1,Silver,,CAS7440-20-2,CID23952,Conductor,1800000,5.5e-7,0.05,Paramagnetic,NA,2.627e-4,3e-6,4e-6,6.4e-4,0.0026,1.5e-10,NA,1.84e-10,1.7e-10,NA,P6_3/mmc,\ensuremath{P6_3/mmc},194,Inf,Inf,,2D3/2,27.2,0.025,NA,NA,Gmelin16304,1995,1259,"Rare soft silvery metallic element belonging to group 3 of the periodic table. There are ten isotopes, nine of which are radioactive and have short half-lives. Predicted in 1869 by Mendeleev, isolated by Nilson in 1879.",Earth,Primordial
Ti,Titanium,22,47.867,47.867(1),47.87,4507,1941.15,3560.15,Solid,NA,NA,18.7,425,520,NA,NA,22,8.6e-6,4110,1.0621e-5,715000000,6,970000000,110000000000,44000000000,116000000000,0.32,NA,4140,4,1.54,7.6,4.2,2546,,d,4,4,16,5,Transition Metal,[Ar]4s23d2,Silver,,CAS7440-32-6,CID23963,Conductor,2500000,4e-7,0.4,Paramagnetic,NA,1.807e-4,3e-4,4e-4,0.054,0.66,1e-7,NA,1.76e-10,1.6e-10,NA,P6_3/mmc,\ensuremath{P6_3/mmc},194,Inf,Inf,,3F2,6.1,0.0044,523.15,NA,Gmelin16313,2630267992,25.12,"White metallic transition element. Occurs in numerous minerals. Used in strong, light corrosion-resistant alloys. Forms a passive oxide coating when exposed to air. First discovered by Gregor in 1789.",Earth,Primordial
V,Vanadium,23,50.9415,50.9415(1),50.94,6110,2183.15,3680.15,Solid,NA,NA,22.8,453,489,NA,NA,31,8.4e-6,5500,8.3374000000000008e-06,628000000,7,628000000,160000000000,47000000000,128000000000,0.37,NA,4560,5,1.63,50.6,4.1,3089,,d,5,4,17,5,Transition Metal,[Ar]4s23d3,Silver,,CAS7440-62-2,CID23990,Conductor,5000000,2e-7,5.4,Paramagnetic,NA,3.837e-4,1e-4,4e-5,0.0061,0.019,1.5e-7,3e-6,1.71e-10,1.53e-10,NA,Im-3m,\ensuremath{Im\bar{3}m},229,Inf,Inf,,4F3/2,5.06,0.0033,NA,NA,Gmelin49047,63095734,25.12,"Soft and ductile, bright white metal. Good resistance to corrosion by alkalis, sulphuric and hydrochloric acid. It oxidizes readily about 933K. There are two naturally occurring isotopes of vanadium, and 5 radioisotopes, V-49 having the longest half-life at 337 days. Vanadium has nuclear applications, the foil is used in cladding titanium to steel, and vanadium-gallium tape is used to produce a superconductive magnet. Originally discovered by Andres Manuel del Rio of Mexico City in 1801. His discovery went unheeded, however, and in 1820, Nils Gabriel Sefstron of Sweden rediscovered it. Metallic vanadium was isolated by Henry Enfield Roscoe in 1867. The name vanadium comes from {Vanadis}, a goddess of Scandinavian mythology. Silvery-white metallic transition element. Vanadium is essential to {ascidian}s. Rats and chickens are also known to require it. Metal powder is a fire hazard, and vanadium compounds should be considered highly toxic. May cause lung cancer if inhaled.",Earth,Primordial
Cr,Chromium,24,51.9961,51.9961(6),52,7190,2180.15,2944.15,Solid,NA,NA,20.5,339,448,NA,393,94,4.9e-6,6300,7.2317e-6,1120000000,8.5,1060000000,160000000000,115000000000,279000000000,0.21,NA,5940,6,1.66,64.3,4.1,3089,RTECSGB4200000,d,6,4,18,5,Transition Metal,[Ar]4s13d5,Silver,,CAS7440-47-3,CID23976,Conductor,7900000,1.3e-7,NA,Antiferromagnetic,NA,3.177e-4,0.0015,0.002,0.3,0.014,6e-8,3e-6,1.66e-10,1.39e-10,NA,Im-3m,\ensuremath{Im\bar{3}m},229,Inf,Inf,,7S3,3.1,0.0021,673.15,NA,Gmelin16274,19952623150,2.512,Hard silvery transition element. Used in decorative electroplating. Discovered in 1797 by Vauquelin.,Earth,Primordial
Mn,Manganese,25,54.938049,54.938043(2),54.94,7470,1519.15,2334.15,Solid,NA,NA,13.2,220,479,NA,100,7.7,2.17e-5,5950,7.3545e-6,196000000,6,NA,120000000000,NA,198000000000,NA,NA,5150,4,1.55,0,4.1,3089,,d,7,4,19,5,Transition Metal,[Ar]4s23d5,Silver,,CAS7439-96-5,CID23930,Conductor,620000,1.6e-6,NA,Paramagnetic,NA,9.0387e-4,8e-4,0.001,0.27,0.11,2e-7,2e-5,1.61e-10,1.39e-10,NA,I-43m,\ensuremath{I\bar{4}3m},217,Inf,Inf,,6S5/2,13.3,0.0083,NA,NA,Gmelin699,12589254118,3.981,"Grey brittle metallic transition element. Rather electropositive, combines with some non-metals when heated. Discovered in 1774 by Scheele.",Earth,Primordial
Fe,Iron,26,55.845,55.845(2),55.85,7874,1811.15,3134.15,Solid,NA,NA,13.8,347,449,NA,NA,79,1.18e-5,6980,7.0923e-6,490000000,4,608000000,170000000000,82000000000,211000000000,0.29,NA,4910,3,1.83,15.7,4.1,3089,RTECSNO4565500,d,8,4,20,5,Transition Metal,[Ar]4s23d6,Gray,,CAS7439-89-6,CID23925,Conductor,10000000,9.700000000001e-8,NA,Ferromagnetic,1043,NA,0.11,0.1,22,6.3,3e-7,0.006,1.56e-10,1.32e-10,NA,Im-3m,\ensuremath{Im\bar{3}m},229,Inf,Inf,,5D4,2.56,0.0015,373.15,NA,Gmelin6845,2511886431510,0.5754,"Silvery malleable and ductile metallic transition element. Has nine isotopes and is the fourth most abundant element in the earth's crust. Required by living organisms as a trace element (used in hemoglobin in humans.) Quite reactive, oxidizes in moist air, displaces hydrogen from dilute acids and combines with nonmetallic elements.",Earth,Primordial
Co,Cobalt,27,58.9332,58.933194(3),58.93,8900,1768.15,3200.15,Solid,NA,NA,16.2,375,421,NA,NA,100,1.3e-5,7750,6.62e-6,700000000,5,1043000000,180000000000,76000000000,209000000000,0.31,NA,4720,4,1.88,63.7,4.1,3089,RTECSGF8750000,d,9,4,21,5,Transition Metal,[Ar]4s23d7,Gray,,CAS7440-48-4,CID104730,Conductor,17000000,6.000000000002e-8,NA,Ferromagnetic,1394,NA,3e-4,4e-4,0.059,0.003,8e-9,2e-6,1.52e-10,1.26e-10,NA,P6_3/mmc,\ensuremath{P6_3/mmc},194,Inf,Inf,,4F9/2,37.2,0.021,NA,NA,Gmelin49017,79432823,39.81,"Light grey transition element. Some meteorites contain small amounts of metallic cobalt. Generally alloyed for use. Mammals require small amounts of cobalt salts. Cobalt-60, an artificially produced radioactive isotope of Cobalt is an important radioactive tracer and cancer-treatment agent. Discovered by G. Brandt in 1737.",Earth,Primordial
Ni,Nickel,28,58.6934,58.6934(4),58.69,8908,1728.15,3186.15,Solid,NA,NA,17.2,378,445,NA,NA,91,1.34e-5,7810,6.5888e-6,700000000,4,638000000,180000000000,76000000000,200000000000,0.31,NA,4970,2,1.91,112,4.1,3089,RTECSQR5950000,d,10,4,22,5,Transition Metal,[Ar]4s23d8,Gray,,CAS7440-02-0,CID935,Conductor,14000000,7.000000000002e-8,NA,Ferromagnetic,631,NA,0.006,0.008,1.3,0.009,2e-7,1e-5,1.49e-10,1.24e-10,1.63e-10,Fm-3m,\ensuremath{Fm\bar{3}m},225,Inf,Inf,,3F4,4.5,0.0026,NA,NA,Gmelin16229,1258925412,19.95,Malleable ductile silvery metallic transition element. Discovered by A.F. Cronstedt in 1751.,Earth,Primordial
Cu,Copper,29,63.546,63.546(3),63.55,8960,1357.77,2835.15,Solid,NA,NA,13.1,300,384.4,NA,NA,400,1.65e-5,8020,7.0922e-6,874000000,3,369000000,140000000000,48000000000,130000000000,0.34,NA,3570,2,1.9,118.4,4.1,3089,RTECSGL5325000,d,11,4,23,5,Transition Metal,[Ar]4s13d10,Copper,,CAS7440-50-8,CID23978,Conductor,59000000,1.7e-8,NA,Diamagnetic,NA,-9.63e-6,6e-6,7e-5,0.011,0.0068,3e-7,1e-4,1.45e-10,1.32e-10,1.4e-10,Fm-3m,\ensuremath{Fm\bar{3}m},225,Inf,Inf,,2S1/2,3.78,0.0021,NA,NA,Gmelin16269,15848931925,7.943,"Red-brown transition element. Known by the Romans as 'cuprum.' Extracted and used for thousands of years. Malleable, ductile and an excellent conductor of heat and electricity. When in moist  conditions, a greenish layer forms on the outside.",Earth,Primordial
Zn,Zinc,30,65.409,65.38(2),65.38,7140,692.68,1180.15,Solid,NA,NA,7.35,119,388,NA,NA,120,3.02e-5,6570,9.157e-6,412000000,2.5,NA,70000000000,43000000000,108000000000,0.25,1.00205,3700,2,1.65,0,4.3,1436,RTECSZG8600000,d,12,4,24,5,Transition Metal,[Ar]4s23d10,SlateGray,,CAS7440-66-6,CID23994,Conductor,17000000,5.900000000001e-8,0.85,Diamagnetic,NA,-1.58e-5,3e-5,2e-4,0.018,0.0078,5e-7,0.0033,1.42e-10,1.22e-10,1.39e-10,P6_3/mmc,\ensuremath{P6_3/mmc},194,Inf,Inf,,1S0,1.1,5.5e-4,733.15,NA,Gmelin16321,12589254118,1.82,"Blue-white metallic element. Occurs in multiple compounds naturally. Five stable isotopes and six radioactive isotopes have been found. Chemically a reactive metal, combines with oxygen and other non-metals, reacts with dilute acids to release hydrogen.",Earth,Primordial
Ga,Gallium,31,69.723,69.723(1),69.72,5904,302.91,2477.15,Solid,NA,NA,5.59,256,371,NA,NA,29,1.2e-4,6095,1.1809e-5,60000000,1.5,NA,NA,NA,NA,NA,NA,2740,3,1.81,28.9,8,2803,RTECSLW8600000,p,13,4,25,5,Poor Metal,[Ar]4s23d104p1,Silver,,CAS7440-55-3,CID5360835,Conductor,7100000,1.4e-7,1.083,Diamagnetic,NA,-1.77e-5,1e-6,4e-6,7.6e-4,0.0019,3e-9,NA,1.36e-10,1.22e-10,1.87e-10,Cmca,\ensuremath{Cmca},64,Inf,Inf,,2P1/2,2.9,0.0015,NA,NA,Gmelin16287,125893,794.3,"Soft silvery metallic element, belongs to group 13 of the periodic table. The two stable isotopes are Ga-69 and Ga-71. Eight radioactive isotopes are known, all having short half-lives. Gallium Arsenide is used as a semiconductor. Corrodes most other metals by diffusing into their lattice. First identified by Francois Lecoq de Boisbaudran in 1875.",Earth,Primordial
Ge,Germanium,32,72.64,72.630(8),72.63,5323,1211.45,3093.15,Solid,NA,NA,31.8,334,321.4,NA,NA,60,6e-6,5600,1.3645e-5,7273402498.871,6,8012033050,NA,NA,NA,NA,NA,5400,4,2.01,119,4.1,3089,RTECSLY5200000,p,14,4,26,5,Metalloid,[Ar]4s23d104p2,Gray,,CAS7440-56-4,CID6326954,Semiconductor,2000,5e-4,NA,Diamagnetic,NA,-7.98e-6,2e-5,2e-5,0.0021,1.4e-4,6e-9,NA,1.25e-10,1.2e-10,NA,Fm-3m,\ensuremath{Fm\bar{3}m},225,Inf,Inf,,3P0,2.2,0.0011,NA,-536,Gmelin93634,125893,1585,"Lustrous hard metalloid element, belongs to group 14 of the periodic table. Forms a large number of organometallic compounds. Predicted by Mendeleev in 1871, it was actually found in 1886 by Winkler.",Earth,Primordial
As,Arsenic,33,74.9216,74.921595(6),74.92,5727,1090.15,887.15,Solid,NA,NA,27.7,32.4,328,NA,NA,50,NA,5220,1.3082e-5,1440000000,3.5,1510000000,22000000000,NA,8000000000,NA,1.001552,NA,5,2.18,78,6.1,1558,RTECSCG0525000,p,15,4,27,5,Metalloid,[Ar]4s23d104p3,Silver,,CAS7440-38-2,CID5359596,Conductor,3300000,3e-7,NA,Diamagnetic,NA,-2.23e-5,8e-7,NA,1.8e-4,2.1e-4,2.3e-7,5e-6,1.14e-10,1.19e-10,1.85e-10,R-3m,\ensuremath{R\bar{3}m},166,Inf,Inf,,4S3/2,4.2,0.002,NA,NA,Gmelin16247,39810717,1.622,"Metalloid element of group 15. There are three allotropes, yellow, black, and grey. Reacts with halogens, concentrated oxidizing acids and hot alkalis. Albertus Magnus is believed to have been the first to isolate the element in 1250.",Earth,Primordial
Se,Selenium,34,78.96,78.971(8),78.97,4819,494.15,958.15,Solid,27200000,1766,5.4,26,321.2,NA,NA,0.52,NA,3990,1.6387e-5,736000000,2,NA,8300000000,3700000000,10000000000,0.33,1.000895,3350,6,2.55,195,6.1,2658,RTECSVS7700000,p,16,4,28,5,Chalcogen,[Ar]4s23d104p4,Gray,,CAS7782-49-2,CID6326970,NA,NA,NA,NA,Diamagnetic,NA,-1.93e-5,3e-6,NA,0.0013,5e-6,4.5e-8,5e-6,1.03e-10,1.2e-10,1.9e-10,P2_1/c,\ensuremath{P2_1/c},14,Inf,Inf,,3P2,11.7,0.0056,NA,NA,Gmelin8872,2511886,125.9,"Metalloid element, belongs to group 16 of the periodic table. Multiple allotropic forms exist. Chemically resembles sulphur. Discovered in 1817 by Jons J. Berzelius.",Earth,Primordial
Br,Bromine,35,79.904,"[79.901, 79.907]",79.9,3120,265.85,332.15,Liquid,10340000,588,5.8,14.8,947.3,NA,NA,0.12,NA,3120,2.561e-5,NA,NA,NA,1900000000,NA,NA,NA,1.001132,NA,5,2.96,324.6,8,1744,RTECSEF9100000,p,17,4,29,5,Halogen,[Ar]4s23d104p5,Red,,CAS7726-95-6,CID24408,Insulator,1e-10,10000000000,NA,Diamagnetic,NA,-1.53e-5,7e-7,NA,1.2e-4,3e-4,0.0066,2.9e-4,9.4e-11,1.2e-10,1.85e-10,Cmca,\ensuremath{Cmca},64,Inf,Inf,,2P3/2,6.8,0.002,NA,NA,Gmelin1182,630957344,1.995,"Halogen element. Red volatile liquid at room temperature. Its reactivity is somewhere between chlorine and iodine. Harmful to human tissue in a liquid state, the vapour irritates eyes and throat. Discovered in 1826 by Antoine Balard.",Water,Primordial
Kr,Krypton,36,83.798,83.798(2),83.8,3.75,115.79,119.93,Gas,5500000,209.41,1.64,9.02,248.05,5/3,NA,0.00943,NA,NA,0.02235,NA,NA,NA,NA,NA,NA,NA,1.000427,1120,2,3,0,2.2,1970,RTECSOC6772500,p,18,4,30,5,Noble Gas,[Ar]4s23d104p6,Colourless,Monoatomic,CAS7439-90-9,CID5416,NA,NA,NA,NA,Diamagnetic,NA,-1.65e-8,4e-6,NA,NA,1.5e-8,2.1e-8,NA,8.7e-11,1.16e-10,2.02e-10,Fm-3m,\ensuremath{Fm\bar{3}m},225,Inf,Inf,,1S0,25,0.013,NA,NA,Gmelin16201,398107,398.1,"Colorless gaseous element, belongs to the noble gases. Occurs in the air, 0.0001% by volume. It can be extracted from liquid air by fractional distillation. Generally not isolated, but used with other inert gases in fluorescent lamps. Five natural isotopes, and five radioactive isotopes. Kr-85, the most stable radioactive isotope, has a half-life of 10.76 years and is produced in fission reactors. Practically inert, though known to form compounds with {fluorine}.",Air,Primordial
Rb,Rubidium,37,85.4678,85.4678(3),85.47,1532,312.46,961.15,Solid,16000000,2093,2.19,71,364,NA,NA,58,NA,1460,5.5788e-5,216000,0.3,NA,2500000000,NA,2400000000,NA,NA,1300,1,0.82,46.9,4.3,1423,RTECSVL8500000,s,1,5,31,5,Alkali Metal,[Kr]5s1,Silver,,CAS7440-17-7,CID5357696,Conductor,8300000,1.2e-7,NA,Paramagnetic,NA,3.98e-6,1e-6,3e-6,3.2e-4,0.006,1.2e-5,4.6e-4,2.65e-10,2.2e-10,NA,Im-3m,\ensuremath{Im\bar{3}m},229,Inf,Inf,,2S1/2,0.38,3e-4,NA,NA,Gmelin16244,3981,39811,"Soft silvery metallic element, belongs to group 1 of the periodic table. Rb-97, the naturally occurring isotope, is radioactive. It is highly reactive, with properties similar to other elements in group 1, like igniting spontaneously in air. Discovered spectroscopically in 1861 by W. Bunsen and G.R. Kirchoff.",Earth,Primordial
Sr,Strontium,38,87.62,87.62(1),87.62,2630,1050.15,1655.15,Solid,NA,NA,8,137,300,NA,NA,35,2.25e-5,2375,3.3316e-5,NA,1.5,NA,NA,6100000000,NA,0.28,NA,NA,2,0.95,5.03,4.2,1383,,s,2,5,32,5,Alkaline Earth Metal,[Kr]5s2,Silver,,CAS7440-24-6,CID5359327,Conductor,7700000,1.3e-7,NA,Paramagnetic,NA,3.47e-6,4e-6,5e-6,8.6e-4,0.036,8e-4,4.6e-4,2.19e-10,1.95e-10,NA,Fm-3m,\ensuremath{Fm\bar{3}m},225,Inf,Inf,,1S0,1.2,5e-4,NA,NA,Gmelin16302,398107171,6.31,"Soft yellowish metallic element, belongs to group 2 of the periodic table. Highly reactive chemically. Sr-90 is present in radioactive fallout and has a half-life of 28 years. Discovered in 1798 by Klaproth and Hope, isolated in 1808 by Humphry Davy.",Earth,Primordial
Y,Yttrium,39,88.90585,88.905838(2),88.91,4472,1799.15,3618.15,Solid,NA,NA,11.4,380,298,NA,NA,17,1.06e-5,4240,1.9881e-5,588000000,NA,NA,41000000000,26000000000,64000000000,0.24,NA,3300,3,1.22,29.6,4.1,3089,RTECSZG2980000,d,3,5,15,6,Transition Metal,[Kr]5s24d1,Silver,,CAS7440-65-5,CID23993,Conductor,1800000,5.7e-7,1.3,Paramagnetic,NA,2.978e-4,7e-7,9.9e-7,1.9e-4,0.0029,1.3e-9,NA,2.12e-10,1.9e-10,NA,P6_3/mmc,\ensuremath{P6_3/mmc},194,Inf,Inf,,2D3/2,1.28,5.9e-4,NA,NA,Gmelin16319,6309573,199.5,"Silvery-grey metallic element of group 3 on the periodic table. Found in uranium ores. The only natural isotope is Y-89, there are 14 other artificial isotopes. Chemically resembles the lanthanoids. Stable in the air below 400 degrees, celsius. Discovered in 1828 by Friedrich Wohler.",Earth,Primordial
Zr,Zirconium,40,91.224,91.222(3),91.22,6511,2128.15,4682.15,Solid,NA,NA,21,580,278,NA,NA,23,5.7e-6,5800,1.4011e-5,650000000,5,904000000,NA,33000000000,67000000000,0.34,NA,3800,4,1.33,41.1,4.2,2008,,d,4,5,16,6,Transition Metal,[Kr]5s24d2,Silver,,CAS7440-67-7,CID23995,Conductor,2400000,4.2e-7,0.61,Paramagnetic,NA,1.09e-4,5e-6,4e-6,6.6e-4,0.013,2.6e-9,5e-6,2.06e-10,1.75e-10,NA,P6_3/mmc,\ensuremath{P6_3/mmc},194,Inf,Inf,,3F2,0.184,6.6e-4,NA,NA,Gmelin16322,794328235,3.162,"Grey-white metallic transition element. Five natural isotopes and six radioactive isotopes are known. Used in nuclear reactors for a {neutron} absorber. Discovered in 1789 by Martin Klaproth, isolated in 1824 by Berzelius.",Earth,Primordial
Nb,Niobium,41,92.90638,92.90637(1),92.91,8570,2750.15,5017.15,Solid,NA,NA,26.8,690,265,NA,NA,54,7.3e-6,NA,1.0841e-5,736000000,6,1320000000,170000000000,38000000000,105000000000,0.4,NA,3480,5,1.6,86.1,,,RTECSQT9900000,d,5,5,17,6,Transition Metal,[Kr]5s14d4,Gray,,CAS7440-03-1,CID23936,Conductor,6700000,1.5e-7,9.25,Paramagnetic,NA,2.37e-4,2e-7,4e-7,1.9e-5,0.0017,1e-10,NA,1.98e-10,1.64e-10,NA,Im-3m,\ensuremath{Im\bar{3}m},229,Inf,Inf,,6D1/2,1.15,4e-4,NA,NA,Gmelin16213,63095734,100,"Soft, ductile grey-blue metallic transition element. Used in special steels and in welded joints to increase strength. Combines with halogens and oxidizes in air at 200 degrees celsius. Discovered by Charles Hatchett in 1801 and isolated by Blomstrand in 1864. Called {columbium} originally.",Earth,Primordial
Mo,Molybdenum,42,95.94,95.95(1),95.95,10280,2896.15,4912.15,Solid,NA,NA,36,600,251,NA,NA,139,4.8e-6,9330,9.334e-6,1500000000,5.5,1530000000,230000000000,20000000000,329000000000,0.31,NA,6190,6,2.16,71.9,4.1,3089,RTECSQA4680000,d,6,5,18,6,Transition Metal,[Kr]5s14d5,Gray,,CAS7439-98-7,CID23932,Conductor,20000000,4.999999999997e-8,0.915,Paramagnetic,NA,1.203e-4,5e-7,9e-7,1.2e-4,1.1e-4,9.9e-7,1e-5,1.9e-10,1.54e-10,NA,Im-3m,\ensuremath{Im\bar{3}m},229,Inf,Inf,,7S3,2.6,9e-4,NA,NA,Gmelin16205,251188643,31.62,"Silvery-white, hard metallic transition element. It is chemically unreactive and is not affected by most acids. It oxidizes at high temperatures. There are seven natural isotopes, and four radioisotopes, Mo-93 being the most stable with a half-life of 3500 years. Molybdenum is used in almost all high-strength steels, it has nuclear applications, and is a catalyst in petroleum refining. Discovered in 1778 by Carl Welhelm Scheele of Sweden. Impure metal was prepared in 1782 by Peter Jacob Hjelm. The name comes from the Greek word molybdos which means lead. Trace amounts of molybdenum are required for all known forms of life. All molybdenum compounds should be considered highly toxic, and will also cause severe birth defects.",Earth,Primordial
Tc,Technetium,43,98,,NA,11500,2430.15,4538.15,Solid,NA,NA,23,550,63,NA,NA,51,NA,NA,8.434782608696e-6,NA,NA,NA,NA,NA,NA,NA,NA,NA,6,1.9,53,,,,d,7,5,19,6,Transition Metal,[Kr]5s24d5,Silver,,CAS7440-26-8,,Conductor,5000000,2e-7,7.7,Paramagnetic,NA,3.933e-4,NA,0,0,0,0,0,1.83e-10,1.47e-10,NA,P6_3/mmc,\ensuremath{P6_3/mmc},194,6658044393708.22,190024099441899,BetaDecay,6S5/2,22,NA,NA,NA,,NA,NA,"Radioactive metallic transition element. Can be detected in some stars and the fission products of uranium. First made by Perrier and Segre by bombarding molybdenum with deutrons, giving them Tc-97. Tc-99 is the most stable isotope with a half-life of 2.6*10^6 years. Sixteen isotopes are known. Organic technetium compounds are used in bone imaging. Chemical properties are intermediate between rhenium and manganese.",Earth,From decay
Ru,Ruthenium,44,101.07,101.07(2),101.1,12370,2607.15,4423.15,Solid,NA,NA,25.7,580,238,NA,NA,120,6.4e-6,10650,8.1706e-6,2160000000,6.5,2298138766.667,220000000000,173000000000,447000000000,0.3,NA,5970,6,2.2,101.3,4.1,3089,,d,8,5,20,6,Transition Metal,[Kr]5s14d7,Silver,,CAS7440-18-8,CID23950,Conductor,14000000,7.000000000002e-8,0.49,Paramagnetic,NA,6.7e-5,4e-7,5e-7,8.1e-5,1e-7,7e-11,NA,1.78e-10,1.46e-10,NA,P6_3/mmc,\ensuremath{P6_3/mmc},194,Inf,Inf,,5F5,2.6,9e-4,NA,NA,Gmelin16241,25119,5012,"Hard white metallic transition element. Found with platinum, used as a catalyst in some platinum alloys. Dissolves in fused alkalis, and is not attacked by acids. Reacts with halogens and oxygen at high temperatures. Isolated in 1844 by K.K. Klaus.",Earth,Primordial
Rh,Rhodium,45,102.9055,102.90549(2),102.9,12450,2237.15,3968.15,Solid,NA,NA,21.7,495,240,NA,NA,150,8e-6,10700,8.2655e-6,1100000000,6,1246000000,380000000000,150000000000,275000000000,0.26,NA,4700,6,2.28,109.7,4.1,3089,RTECSVI9069000,d,9,5,21,6,Transition Metal,[Kr]5s14d8,Silver,,CAS7440-16-6,CID23948,Conductor,23000000,4.300000000003e-8,NA,Paramagnetic,NA,1.693e-4,6e-8,2e-7,1.8e-5,7e-8,NA,NA,1.73e-10,1.42e-10,NA,Fm-3m,\ensuremath{Fm\bar{3}m},225,Inf,Inf,,4F9/2,145,0.063,NA,NA,Gmelin16245,25119,50119,"Silvery white metallic transition element. Found with platinum and used in some platinum alloys. Not attacked by acids, dissolves only in aqua regia. Discovered in 1803 by W.H. Wollaston.",Earth,Primordial
Pd,Palladium,46,106.42,106.42(1),106.4,12023,1828.05,3236.15,Solid,NA,NA,16.7,380,240,NA,NA,71,1.18e-5,10380,8.8514e-6,37200000,4.75,461000000,180000000000,44000000000,121000000000,0.39,NA,3070,4,2.2,53.7,4.2,3200,RTECSRT3480500,d,10,5,22,6,Transition Metal,[Kr]4d10,Silver,,CAS7440-05-3,CID23938,Conductor,10000000,1e-7,NA,Paramagnetic,NA,7.899e-4,2e-7,3e-7,6.5e-5,6.3e-7,NA,NA,1.69e-10,1.39e-10,1.63e-10,Fm-3m,\ensuremath{Fm\bar{3}m},225,Inf,Inf,,1S0,6.9,0.0023,NA,NA,Gmelin16239,199526,19953,Soft white ductile transition element. Found with some copper and nickel ores. Does not react with oxygen at normal temperatures. Dissolves slowly in hydrochloric acid. Discovered in 1803 by W.H. Wollaston.,Earth,Primordial
Ag,Silver,47,107.8682,107.8682(2),107.9,10490,1234.93,2435.15,Solid,NA,NA,11.3,255,235,NA,NA,430,1.89e-5,9320,1.0283e-5,24500000,2.5,251000000,100000000000,30000000000,85000000000,0.37,NA,2600,1,1.93,125.6,,,RTECSVW3500000,d,11,5,23,6,Transition Metal,[Kr]5s14d10,Silver,,CAS7440-22-4,CID23954,Conductor,62000000,1.6e-8,NA,Diamagnetic,NA,-2.38e-5,6e-8,1e-7,1.4e-5,7.9e-6,1e-8,NA,1.65e-10,1.45e-10,1.72e-10,Fm-3m,\ensuremath{Fm\bar{3}m},225,Inf,Inf,,2S1/2,63.6,0.02,NA,NA,Gmelin1253,25118864,1000,"White lustrous soft metallic transition element. Found in both its elemental form and in minerals. Used in jewelry, tableware and so on. Less reactive than silver, chemically.",Earth,Primordial
Cd,Cadmium,48,112.411,112.414(4),112.4,8650,594.22,1040.15,Solid,NA,NA,6.3,100,230,NA,NA,96,3.08e-5,7996,1.2996e-5,203000000,2,NA,42000000000,19000000000,50000000000,0.3,NA,2310,2,1.69,0,6.1,2570,RTECSEU9800000,d,12,5,24,6,Transition Metal,[Kr]5s24d10,Silver,,CAS7440-43-9,CID23973,Conductor,14000000,7.000000000002e-8,0.517,Diamagnetic,NA,-1.99e-5,2e-7,6e-7,4.4e-5,1.5e-5,5e-9,7e-5,1.61e-10,1.44e-10,1.58e-10,P6_3/mmc,\ensuremath{P6_3/mmc},194,Inf,Inf,,1S0,2450,1.4,523.15,NA,Gmelin16276,19952623,2.512,"Soft bluish metal belonging to group 12 of the periodic table. Extremely toxic even in low concentrations. Chemically similar to zinc, but lends itself to more complex compounds. Discovered in 1817 by F. Stromeyer.",Earth,Primordial
In,Indium,49,114.818,114.818(1),114.8,7310,429.75,2345.15,Solid,NA,NA,3.26,230,233,NA,NA,82,3.21e-5,7020,1.5707e-5,8830000,1.2,NA,NA,NA,11000000000,NA,NA,1215,3,1.78,28.9,4.1,3089,RTECSNL1050000,p,13,5,25,6,Poor Metal,[Kr]5s24d105p1,Silver,,CAS7440-74-6,CID5359967,Conductor,12000000,8.000000000001e-8,3.41,Diamagnetic,NA,-1.02e-5,3e-8,4e-7,4.4e-6,1.6e-5,1e-11,NA,1.56e-10,1.42e-10,1.93e-10,I4/mmm,\ensuremath{I4/mmm},139,Inf,Inf,,2P1/2,194,0.06,NA,NA,Gmelin1081,501187,794.3,"Soft silvery element belonging to group 13 of the periodic table. The most common natural isotope is In-115, which has a half-life of 6*10^4 years. Five other radioisotopes exist. Discovered in 1863 by Reich and Richter.",Earth,Primordial
Sn,Tin,50,118.71,118.710(7),118.7,7310,505.08,2875.15,Solid,NA,NA,7,290,217,NA,NA,67,2.2e-5,6990,1.6239e-5,51000000,1.5,NA,58000000000,18000000000,50000000000,0.36,NA,2500,4,1.96,107.3,,,RTECSXP7320000,p,14,5,26,6,Poor Metal,[Kr]5s24d105p2,Silver,,CAS7440-31-5,CID5352426,Conductor,9100000,1.1e-7,3.72,Diamagnetic,NA,-2.27e-5,4e-7,9e-7,1.2e-4,2.2e-4,9.9e-10,2e-5,1.45e-10,1.39e-10,2.17e-10,I4_1/amd,\ensuremath{I4_1/amd},141,Inf,Inf,,3P0,0.62,2e-4,903.15,NA,Gmelin16300,251188643,19.95,"Silvery malleable metallic element belonging to group 14 of the periodic table. Twenty-six isotopes are known, five of which are radioactive. Chemically reactive. Combines directly with chlorine and oxygen and displaces hydrogen from dilute acids.",Earth,Primordial
Sb,Antimony,51,121.76,121.760(1),121.8,6697,903.78,1860.15,Solid,NA,NA,19.7,67,207,NA,NA,24,1.1e-5,6530,1.8181e-5,294000000,3,NA,42000000000,20000000000,55000000000,NA,NA,3420,5,2.05,103.2,,,RTECSCC4025000,p,15,5,27,6,Metalloid,[Kr]5s24d105p3,Silver,,CAS7440-36-0,CID5354495,Conductor,2500000,4e-7,NA,Diamagnetic,NA,-7.3e-5,4e-8,1e-7,1.2e-5,2e-5,2e-8,NA,1.33e-10,1.39e-10,NA,R-3m,\ensuremath{R\bar{3}m},166,Inf,Inf,,4S3/2,5.4,0.0016,NA,NA,,158489319,15.85,"Element of group 15. Multiple allotropic forms. The stable form of antimony is a blue-white metal. Yellow and black antimony are unstable non-metals. Used in flame-proofing, paints, ceramics, enamels, and rubber. Attacked by oxidizing acids and halogens. First reported by Tholden in 1450.",Earth,Primordial
Te,Tellurium,52,127.6,127.60(3),127.6,6240,722.66,1261.15,Solid,NA,NA,17.5,48,201,NA,NA,3,NA,5700,2.0449e-5,180000000,2.25,NA,64000000000,16000000000,43000000000,NA,1.000991,2610,6,2.1,190.2,6.1,2811,RTECSWY2625000,p,16,5,28,6,Chalcogen,[Kr]5s24d105p4,Silver,,CAS13494-80-9,CID6327182,Semiconductor,10000,1e-4,NA,Diamagnetic,NA,-2.43e-5,9e-7,NA,2.1e-4,1e-7,NA,NA,1.23e-10,1.38e-10,2.06e-10,P3_121,\ensuremath{P3_121},152,Inf,Inf,,3P2,5.4,0.0013,613.15,NA,Gmelin1153,501187,316.2,"Silvery metalloid element of group 16. Eight natural isotopes, nine radioactive isotopes. Used in semiconductors and to a degree in some steels. Chemistry is similar to {sulphur}. Discovered in 1782 by Franz Miller.",Earth,Primordial
I,Iodine,53,126.90447,126.90447(3),126.9,4940,386.85,457.45,Solid,11700000,819,7.76,20.9,429,NA,NA,0.449,NA,NA,2.5689e-5,NA,NA,NA,7700000000,NA,NA,NA,NA,NA,7,2.66,295.2,8,1759,RTECSNN1575000,p,17,5,29,6,Halogen,[Kr]5s24d105p5,SlateGray,,CAS7553-56-2,CID807,Insulator,1e-7,10000000,NA,Diamagnetic,NA,-2.22e-5,1e-7,NA,2.5e-5,4.9e-5,6e-6,2e-5,1.15e-10,1.39e-10,1.98e-10,Cmca,\ensuremath{Cmca},64,Inf,Inf,,2P3/2,6.3,0.0018,NA,NA,Gmelin1160,31622777,25.12,"Dark violet nonmetallic element, belongs to group 17 of the periodic table. Insoluble in water. Required as a trace element for living organisms. One stable isotope, I-127 exists, in addition to fourteen radioactive isotopes. Chemically the least reactive of the halogens, and the most electropositive metallic halogen. Discovered in 1812 by Courtois.",Earth,Primordial
Xe,Xenon,54,131.293,131.293(6),131.3,5.9,161.35,165.15,Gas,5841000,289.77,2.3,12.64,158.32,5/3,NA,0.00565,NA,NA,0.0223,NA,NA,NA,NA,NA,NA,NA,1.000702,1090,6,2.6,0,2.2,2591,RTECSZE1280000,p,18,5,30,6,Noble Gas,[Kr]5s24d105p6,Colourless,Monoatomic,CAS7440-63-3,CID23991,NA,NA,NA,NA,Diamagnetic,NA,-2.54e-8,1e-6,NA,NA,2e-9,5e-10,NA,1.08e-10,1.4e-10,2.16e-10,Fm-3m,\ensuremath{Fm\bar{3}m},225,Inf,Inf,,1S0,25,0.0083,NA,NA,Gmelin1125,39811,2512,"Colourless, odourless gas belonging to group 18 on the periodic table (the noble gases.) Nine natural isotopes and seven radioactive isotopes are known. Xenon was part of the first noble-gas compound synthesized. Several others involving Xenon have been found since then. Xenon was discovered by Ramsey and Travers in 1898.",Air,Primordial
Cs,Caesium,55,132.90545,132.90545196(6),132.9,1879,301.59,944.15,Solid,9400000,1938,2.09,64,242,NA,NA,36,NA,1843,7.0732e-5,140000,0.2,NA,1600000000,NA,1700000000,NA,NA,NA,1,0.79,45.5,4.3,1407,RTECSFK9225000,s,1,6,31,6,Alkali Metal,[Xe]6s1,Silver,,CAS7440-46-2,CID5354618,Conductor,5000000,2e-7,NA,Paramagnetic,NA,5.26e-6,8e-8,8e-7,1.4e-5,1.9e-4,5e-8,2e-6,2.98e-10,2.44e-10,NA,Im-3m,\ensuremath{Im\bar{3}m},229,Inf,Inf,,2S1/2,29,0.0077,NA,NA,Gmelin15188,10000,NA,"Soft silvery-white metallic element belonging to group 1 of the periodic table. One of the three metals which are liquid at room temperature. Cs-133 is the natural, and only stable, isotope. Fifteen other radioisotopes exist. Caesium reacts explosively with cold water, and ice at temperatures above 157K. Caesium hydroxide is the strongest base known. Caesium is the most electropositive, most alkaline and has the least ionization potential of all the elements. Known uses include the basis of atomic clocks, catalyst for the hydrogenation of some organic compounds, and in photoelectric cells. Caesium was discovered by Gustav Kirchoff and Robert Bunsen in Germany in 1860 spectroscopically. Its identification was based upon the bright blue lines in its spectrum. The name comes from the latin word caesius, which means sky blue. Caesium should be considered highly toxic. Some of the radioisotopes are even more toxic.",Earth,Primordial
Ba,Barium,56,137.327,137.327(7),137.3,3510,1000.15,2143.15,Solid,NA,NA,8,140,205,NA,NA,18,2.06e-5,3338,3.9125e-5,NA,1.25,NA,9400000000,4900000000,13000000000,NA,NA,1620,2,0.89,13.95,4.3,1400,RTECSCQ8370000,s,2,6,32,6,Alkaline Earth Metal,[Xe]6s2,Silver,,CAS7440-39-3,CID5355457,Conductor,2900000,3.5e-7,NA,Paramagnetic,NA,3.966e-5,1e-6,9.9e-7,2.7e-4,0.034,3e-6,3e-5,2.53e-10,2.15e-10,NA,Im-3m,\ensuremath{Im\bar{3}m},229,Inf,Inf,,1S0,1.3,2.7e-4,NA,NA,Gmelin16266,7943282347,NA,"Silvery-white reactive element, belonging to group 2 of the periodic table. Soluble barium compounds are extremely poisonous. Identified in 1774 by Karl Scheele and extracted in 1808 by Humphry Davy.",Earth,Primordial
La,Lanthanum,57,138.9055,138.90547(7),138.9,6146,1192.15,3737.15,Solid,NA,NA,6.3,400,195,NA,NA,13,1.21e-5,5940,2.2601e-5,363000000,2.5,491000000,28000000000,14000000000,37000000000,0.28,NA,2475,3,1.1,48,4.1,3178,,f,4,8,1,7,Lanthanide,[Xe]6s25d1,Silver,,CAS7439-91-0,CID23926,Conductor,1600000,6.1e-7,4.88,Paramagnetic,NA,6.761e-5,2e-7,2e-7,2.8e-5,0.0034,3.4e-10,NA,NA,2.07e-10,NA,P6_3/mmc,\ensuremath{P6_3/mmc},194,Inf,Inf,,2D3/2,8.98,0.0023,NA,NA,,31622777,100,"(From the Greek word lanthanein, to lie hidden) Silvery metallic element belonging to group 3 of the periodic table and oft considered to be one of the lanthanoids. Found in some rare-earth minerals. Twenty-five natural isotopes exist. La-139 which is stable, and La-138 which has a half-life of  10^10 to 10^15 years. The other twenty-three isotopes are radioactive. It resembles the lanthanoids chemically. Lanthanum has a low to moderate level of toxicity, and should be handled with care. Discovered in 1839 by C.G. Mosander.",Earth,Primordial
Ce,Cerium,58,140.116,140.116(1),140.1,6689,1071.15,3633.15,Solid,NA,NA,5.5,350,192,NA,12.5,11,6.3e-6,6550,2.0947e-5,412000000,2.5,270000000,22000000000,14000000000,34000000000,0.24,NA,2100,4,1.12,50,4.1,1333,,f,5,8,2,7,Lanthanide,[Xe]6s24f15d1,Silver,,CAS7440-45-1,CID23974,Conductor,1400000,7.5e-7,0.022,Paramagnetic,NA,0.0014716,1e-6,4e-7,7.5e-5,0.006,1.2e-10,NA,NA,2.04e-10,NA,P6_3/mmc,\ensuremath{P6_3/mmc},194,Inf,Inf,,1G4,0.6,2.1e-4,NA,NA,Gmelin16275,39810717,100,"Silvery metallic element, belongs to the lanthanoids. Four natural isotopes exist, and fifteen radioactive isotopes have been identified. Used in some rare-earth alloys. The oxidized form is used in the glass industry. Discovered by Martin .H. Klaproth in 1803.",Earth,Primordial
Pr,Praseodymium,59,140.90765,140.90766(1),140.9,6640,1204.15,3563.15,Solid,NA,NA,6.9,330,193,NA,NA,13,6.7e-6,6500,2.1221e-5,481000000,1.41,400000000,29000000000,15000000000,37000000000,0.28,NA,2280,4,1.13,50,,,,f,6,8,3,7,Lanthanide,[Xe]6s24f3,Silver,,CAS7440-10-0,CID23942,Conductor,1400000,7e-7,NA,Paramagnetic,NA,0.0028087,2e-7,1e-7,9.9e-6,8.6e-4,6e-11,NA,2.47e-10,2.03e-10,NA,P6_3/mmc,\ensuremath{P6_3/mmc},194,Inf,Inf,,4I9/2,11.4,0.0029,NA,NA,Gmelin16238,5011872,316.2,"Soft silvery metallic element, belongs to the lanthanoids. Only natural isotope is Pr-141 which is not radioactive. Fourteen radioactive isotopes have been artificially produced. Used in rare-earth alloys. Discovered in 1885 by C.A. von Welsbach.",Earth,Primordial
Nd,Neodymium,60,144.24,144.242(3),144.2,7010,1294.15,3373.15,Solid,NA,NA,7.1,285,190,NA,19.2,17,9.6e-6,6890,2.0577e-5,265000000,1.23,343000000,32000000000,16000000000,41000000000,0.28,NA,2330,3,1.14,50,,,RTECSQO8575000,f,7,8,4,7,Lanthanide,[Xe]6s24f4,Silver,,CAS7440-00-8,CID23934,Conductor,1600000,6.4e-7,NA,Paramagnetic,NA,0.0033648,1e-6,3e-7,5e-5,0.0033,2.8e-10,NA,2.06e-10,2.01e-10,NA,P6_3/mmc,\ensuremath{P6_3/mmc},194,Inf,Inf,,5I4,49,0.011,NA,NA,Gmelin16212,19952623,316.2,"Soft bright silvery metallic element, belongs to the lanthanoids. Seven natural isotopes, Nd-144 being the only radioactive one with a half-life of 10^10 to 10^15 years. Six artificial radioisotopes have been produced. The metal is used in glass works to color glass a shade of violet-purple and make it dichroic. One of the more reactive rare-earth metals, quickly reacts with air. Used in some rare-earth alloys. Neodymium is used to color the glass used in welders' glasses. Neodymium is also used in very powerful, permanent magnets (Nd2Fe14B). Discovered by Carl F. Auer von Welsbach in Austria in 1885 by separating didymium into its elemental components {praseodymium} and neodymium. The name comes from the Greek words 'neos didymos' which means 'new twin'. Neodymium should be considered highly toxic, however evidence would seem to show that it acts as little more than a skin and eye irritant. The dust however, presents a fire and explosion hazard.",Earth,Primordial
Pm,Promethium,61,145,,NA,7264,1373.15,3273.15,Solid,NA,NA,7.7,290,NA,NA,NA,15,1.1e-5,NA,1.996145374449e-5,NA,NA,NA,33000000000,18000000000,46000000000,0.28,NA,NA,3,NA,50,,,,f,8,8,5,7,Lanthanide,[Xe]6s24f5,Silver,,CAS7440-12-2,,Conductor,1300000,7.5e-7,NA,NA,NA,NA,NA,0,0,0,0,0,2.05e-10,1.99e-10,NA,,,NA,559070903.094737,806102232.369221,ElectronCapture,6H5/2,8400,NA,NA,NA,,NA,NA,"Soft silvery metallic element, belongs to the lanthanoids. Pm-147, the only natural isotope, is radioactive and has a half-life of 252 years. Eighteen radioisotopes have been produced, but all have very short half-lives. Found only in nuclear decay waste. Pm-147 is of interest as a beta-decay source, however Pm-146 and Pm-148 have to be removed from it first, as they generate gamma  radiation. Discovered by J.A. Marinsky, L.E. Glendenin and C.D. Coryell in 1947.",Earth,From decay
Sm,Samarium,62,150.36,150.36(2),150.4,7353,1345.15,2076.15,Solid,NA,NA,8.5,175,196,NA,106,13,1.27e-5,7160,2.0449e-5,441000000,1.44,412000000,38000000000,20000000000,50000000000,0.27,NA,2130,3,1.17,50,4.1,1325,,f,9,8,6,7,Lanthanide,[Xe]6s24f6,Silver,,CAS7440-19-9,CID23951,Conductor,1100000,9.4e-7,NA,Paramagnetic,NA,8.1618e-4,5e-7,1e-7,1.7e-5,6e-4,4.5e-11,NA,2.38e-10,1.98e-10,NA,R-3m,\ensuremath{R\bar{3}m},166,Inf,Inf,,7F0,5900,4.7,423.15,NA,Gmelin16301,2511886,158.5,"Soft silvery metallic element, belongs to the lanthanoids. Seven natural isotopes, Sm-147 is the only radioisotope, and has a half-life of 2.5*10^11 years. Used for making special alloys needed in the production of nuclear reactors. Also used as a neutron absorber. Small quantities of samarium oxide is used in special optical glasses. The largest use of the element is its ferromagnetic alloy which produces permanent magnets that are five times stronger than magnets produced by any other material. Discovered by Francois Lecoq de Boisbaudran in 1879.",Earth,Primordial
Eu,Europium,63,151.964,151.964(1),152,5244,1095.15,1800.15,Solid,NA,NA,9.3,175,182,NA,90.5,14,3.5e-5,5130,2.8979e-5,NA,3.07,167000000,8300000000,7900000000,18000000000,0.15,NA,NA,3,NA,50,,,,f,10,8,7,7,Lanthanide,[Xe]6s24f7,Silver,,CAS7440-53-1,CID23981,Conductor,1100000,9e-7,1.8,Paramagnetic,NA,0.0014473,5e-8,5e-8,5.9e-6,1.8e-4,1.3e-11,NA,2.31e-10,1.98e-10,NA,Im-3m,\ensuremath{Im\bar{3}m},229,Inf,Inf,,8S7/2,4570,0.6,NA,NA,Gmelin15985,398107,6310,"Soft silvery metallic element belonging to the lanthanoids. Eu-151 and Eu-153 are the only two stable isotopes, both of which are {neutron} absorbers. Discovered in 1889 by Sir William Crookes.",Earth,Primordial
Gd,Gadolinium,64,157.25,157.249(2),157.3,7901,1586.15,3523.15,Solid,NA,NA,10,305,240,NA,NA,11,9.4e-6,7400,1.9903e-5,NA,5.13,570000000,38000000000,22000000000,55000000000,0.26,NA,2680,3,1.2,50,,,RTECSLW3850000,f,11,8,8,7,Lanthanide,[Xe]6s24f75d1,Silver,,CAS7440-54-2,CID23982,Conductor,770000,1.3e-6,NA,Ferromagnetic,292,NA,2e-7,2e-7,2.3e-5,5.2e-4,7e-11,NA,2.33e-10,1.96e-10,NA,P6_3/mmc,\ensuremath{P6_3/mmc},194,Inf,Inf,,9D2,49000,7.3,NA,NA,Gmelin16286,1995262,199.5,"Soft silvery metallic element belonging to the lanthanoids. Seven natural, stable isotopes are known in addition to eleven artificial isotopes. Gd-155 and Gd-157 and the best neutron absorbers of all elements. Gadolinium compounds are used in electronics. Discovered by J.C.G Marignac in 1880.",Earth,Primordial
Tb,Terbium,65,158.92534,158.925354(7),158.9,8219,1629.15,3503.15,Solid,NA,NA,10.8,295,182,NA,230,11,1.03e-5,7650,1.9336e-5,677000000,2.33,863000000,38700000000,22000000000,56000000000,0.26,NA,2620,3,NA,50,,,,f,12,8,9,7,Lanthanide,[Xe]6s24f9,Silver,,CAS7440-27-9,CID23958,Conductor,830000,1.2e-6,NA,Paramagnetic,222,0.1117784,5e-8,1e-8,3.9e-6,9.3e-5,1.4e-11,NA,2.25e-10,1.94e-10,NA,P6_3/mmc,\ensuremath{P6_3/mmc},194,Inf,Inf,,6H15/2,23,0.009,NA,NA,Gmelin16311,199526,5012,"Silvery metallic element belonging to the lanthanoids. Tb-159 is the only stable isotope, there are seventeen artificial isotopes. Discovered by G.G. Mosander in 1843.",Earth,Primordial
Dy,Dysprosium,66,162.5,162.500(1),162.5,8551,1685.15,2840.15,Solid,NA,NA,11.1,280,167,NA,178,11,1e-5,8370,1.9004e-5,500000000,1.8,540000000,41000000000,25000000000,61000000000,0.25,NA,2710,3,1.22,50,,,,f,13,8,10,7,Lanthanide,[Xe]6s24f10,Silver,,CAS7429-91-6,CID23912,Conductor,1100000,9.1e-7,NA,Paramagnetic,87,0.046603,2e-7,2e-7,2.7e-5,6.2e-4,9.1e-11,NA,2.28e-10,1.92e-10,NA,P6_3/mmc,\ensuremath{P6_3/mmc},194,Inf,Inf,,5I8,950,0.2,NA,NA,Gmelin16278,1000000,2512,"Metallic with a bright silvery-white lustre. Dysprosium belongs to the lanthanoids. It is relatively stable in air at room temperatures, it will however dissolve in mineral acids, evolving hydrogen. It is found in from rare-earth minerals. There are seven natural isotopes of dysprosium, and eight radioisotopes, Dy-154 being the most stable with a half-life of 3*10^6 years. Dysprosium is used as a neutron absorber in nuclear fission reactions, and in compact disks. It was discovered by Paul Emile Lecoq de Boisbaudran in 1886 in France. Its name comes from the Greek word dysprositos, which means hard to obtain.",Earth,Primordial
Ho,Holmium,67,164.93032,164.930329(5),164.9,8795,1747.15,2973.15,Solid,NA,NA,17,265,165,NA,132,16,1.12e-5,8340,1.8753e-5,746000000,1.65,481000000,40000000000,26000000000,64000000000,0.23,NA,2760,3,1.23,50,4.1,3089,,f,14,8,11,7,Lanthanide,[Xe]6s24f11,Silver,,CAS7440-60-0,CID23988,Conductor,1100000,9.4e-7,NA,Paramagnetic,20,0.0482845,5e-8,0,5.9e-6,1.2e-4,2.2e-11,NA,2.26e-10,1.92e-10,NA,P6_3/mmc,\ensuremath{P6_3/mmc},194,Inf,Inf,,4I15/2,64,0.015,NA,NA,Gmelin16291,251189,3162,"Relatively soft and malleable silvery-white metallic element, which is stable in dry air at room temperature. It oxidizes in moist air and at high temperatures. It belongs to the lanthanoids. A rare-earth metal, it is found in the minerals monazite and gadolinite. It possesses unusual magnetic properties. One natural isotope, Ho-165 exists, six radioisotopes exist, the most stable being Ho-163 with a half-life of 4570 years. Holmium is used in some metal alloys, it is also said to stimulate the metabolism. Discovered by Per Theodor Cleve and J.L. Soret in Switzerland in 1879. The name homium comes from the Greek word Holmia which means Sweden. While all holmium compounds should be considered highly toxic, initial evidence seems to indicate that they do not pose much danger. The metal's dust however, is a fire hazard.",Earth,Primordial
Er,Erbium,68,167.259,167.259(3),167.3,9066,1770.15,3141.15,Solid,NA,NA,19.9,285,168,NA,82,15,1.22e-5,8860,1.8449e-5,814000000,1.97,588000000,44000000000,28000000000,70000000000,0.24,NA,2830,3,1.24,50,,,,f,15,8,12,7,Lanthanide,[Xe]6s24f12,Silver,,CAS7440-52-0,CID23980,Conductor,1200000,8.6e-7,NA,Paramagnetic,32,0.0341788,2e-7,1e-7,1.8e-5,3e-4,9e-11,NA,2.26e-10,1.89e-10,NA,P6_3/mmc,\ensuremath{P6_3/mmc},194,Inf,Inf,,3H6,165,0.036,NA,NA,Gmelin16280,630957,316.2,Soft silvery metallic element which belongs to the lanthanoids. Six natural isotopes that are stable. Twelve artificial isotopes are known. Used in nuclear technology as a neutron absorber. It is being investigated for other possible uses. Discovered by Carl G. Mosander in 1843.,Earth,Primordial
Tm,Thulium,69,168.93421,168.934219(5),168.9,9320,1818.15,2223.15,Solid,NA,NA,16.8,250,160,NA,56,17,1.33e-5,8560,1.8126e-5,471000000,1.77,520000000,45000000000,31000000000,74000000000,0.21,NA,NA,3,1.25,50,4.1,3089,,f,16,8,13,7,Lanthanide,[Xe]6s24f13,Silver,,CAS7440-30-4,CID23961,Conductor,1400000,7e-7,NA,Paramagnetic,25,0.0185488,1e-8,2e-8,2.9e-6,4.5e-5,2e-11,NA,2.22e-10,1.9e-10,NA,P6_3/mmc,\ensuremath{P6_3/mmc},194,Inf,Inf,,2F7/2,105,0.025,NA,NA,Gmelin16307,125893,10000,"Soft grey metallic element that belongs to the lanthanoids. One natural isotope exists, Tm-169, and seventeen artificial isotopes have been produced. No known uses for the element. Discovered in 1879 by Per Theodor Cleve.",Earth,Primordial
Yb,Ytterbium,70,173.04,173.045(10),173,6570,1092.15,1469.15,Solid,NA,NA,7.7,160,154,NA,NA,39,2.63e-5,6210,2.6339e-5,343000000,NA,206000000,31000000000,10000000000,24000000000,0.21,NA,1590,3,NA,50,,,RTECSZG1925000,f,17,8,14,7,Lanthanide,[Xe]6s24f14,Silver,,CAS7440-64-4,CID23992,Conductor,3600000,2.8e-7,NA,Paramagnetic,NA,3.88e-5,2e-7,1e-7,1.8e-5,2.8e-4,8e-11,NA,2.22e-10,1.87e-10,NA,Fm-3m,\ensuremath{Fm\bar{3}m},225,Inf,Inf,,1S0,35,0.0076,NA,NA,Gmelin16014,501187,501.2,Silvery metallic element of the lanthanoids. Seven natural isotopes and ten artificial isotopes are known.  Used in certain steels. Discovered by J.D.G. Marignac in 1878.,Earth,Primordial
Lu,Lutetium,71,174.967,174.96669(5),175,9841,1936.15,3675.15,Solid,NA,NA,22,415,154,NA,NA,16,1e-5,9300,1.7779e-5,893000000,2.6,1160000000,48000000000,27000000000,67000000000,0.26,NA,NA,3,1.27,50,4.1,3089,,d,18,8,15,7,Lanthanide,[Xe]6s24f145d1,Silver,,CAS7439-94-3,CID23929,Conductor,1800000,5.7e-7,0.1,Paramagnetic,NA,1.18e-5,1e-8,1e-7,2.9e-6,5.7e-5,1.5e-11,NA,2.17e-10,1.87e-10,NA,P6_3/mmc,\ensuremath{P6_3/mmc},194,Inf,Inf,,2D3/2,85,0.022,NA,NA,Gmelin16202,100000,10000,"Silvery-white rare-earth metal which is relatively stable in air. It happens to be the most expensive rare-earth metal. Its found with almost all rare-earth metals, but is very difficult to separate from other elements. Least abundant of all natural elements. Used in metal alloys, and as a catalyst in various processes. There are two natural, stable isotopes, and seven radioisotopes, the most stable being Lu-174 with a half-life of 3.3 years. The separation of lutetium from {ytterbium} was described by Georges Urbain in 1907. It was discovered at approximately the same time by Carl Auer von Welsbach. The name comes from the Greek word lutetia which means Paris.",Earth,Primordial
Hf,Hafnium,72,178.49,178.486(6),178.5,13310,2506.15,4876.15,Solid,NA,NA,25.5,630,144,NA,NA,23,5.9e-6,12000,1.34102e-5,1700000000,5.5,1760000000,110000000000,30000000000,78000000000,0.37,NA,3010,4,1.3,0,4.2,2545,RTECSMG4600000,d,4,6,16,7,Transition Metal,[Xe]6s24f145d2,Gray,,CAS7440-58-6,CID23986,Conductor,3300000,3e-7,0.128,Paramagnetic,NA,7.05e-5,7e-8,1e-7,1.7e-5,3.3e-4,8e-10,NA,2.08e-10,1.75e-10,NA,P6_3/mmc,\ensuremath{P6_3/mmc},194,Inf,Inf,,3F2,104,0.02,NA,NA,Gmelin16293,79433,631,"Silvery lustrous metallic transition element. Used in tungsten alloys in filaments and electrodes, also acts as a neutron absorber. First reported by Urbain in 1911, existence was finally established in 1923 by D. Coster, G.C. de Hevesy in 1923.",Earth,Primordial
Ta,Tantalum,73,180.9479,180.94788(2),180.9,16650,3290.15,5731.15,Solid,NA,NA,36,736,140,NA,NA,57,6.3e-6,15000,1.08677e-5,800000000,6.5,873000000,200000000000,67000000000,186000000000,0.34,NA,3400,5,1.5,31,4.1,3089,RTECSWW5505000,d,5,6,17,7,Transition Metal,[Xe]6s24f145d3,Gray,,CAS7440-25-7,CID23956,Conductor,7700000,1.3e-7,4.47,Paramagnetic,NA,1.782e-4,8e-9,NA,2e-6,1.7e-4,2e-10,NA,2e-10,1.7e-10,NA,Im-3m,\ensuremath{Im\bar{3}m},229,Inf,Inf,,4F3/2,20.5,0.0041,NA,NA,Gmelin16312,1000000,501.2,"Heavy blue-grey metallic transition element. Ta-181 is a stable isotope, and Ta-180 is a radioactive isotope, with a half-life in excess of 10^7 years. Used in surgery as it is unreactive. Forms a passive oxide layer in air. Identified in 1802 by Ekeberg and isolated in 1820 by Jons J. Berzelius.",Earth,Primordial
W,Tungsten,74,183.84,183.84(1),183.8,19250,3695.15,5828.15,Solid,NA,NA,35,800,132,NA,NA,170,4.5e-6,17600,9.5501e-6,2570000000,7.5,3430000000,310000000000,161000000000,411000000000,0.28,NA,5174,6,2.36,78.6,4.1,3089,RTECSYO7175000,d,6,6,18,7,Transition Metal,[Xe]6s24f145d4,Gray,,CAS7440-33-7,CID23964,Conductor,20000000,4.999999999997e-8,0.015,Paramagnetic,NA,8.84e-5,5e-8,4e-7,1.2e-5,1.1e-4,1.2e-8,NA,1.93e-10,1.62e-10,NA,Im-3m,\ensuremath{Im\bar{3}m},229,Inf,Inf,,5D0,18.4,0.0036,NA,NA,Gmelin16317,63095734,631,"White or grey metallic transition element, formerly called {wolfram}. Forms a protective oxide in air and can be oxidized at high temperature. First isolated by Jose and Fausto de Elhuyer in 1783.",Earth,Primordial
Re,Rhenium,75,186.207,186.207(1),186.2,21020,3459.15,5869.15,Solid,NA,NA,33,705,137,NA,NA,48,6.2e-6,18900,8.85856e-6,1320000000,7,2450000000,370000000000,178000000000,463000000000,0.3,NA,4700,7,1.9,14.5,,,RTECSVI0780000,d,7,6,19,7,Transition Metal,[Xe]6s24f145d5,Gray,,CAS7440-15-5,CID23947,Conductor,5600000,1.8e-7,1.7,Paramagnetic,NA,9.59e-5,2e-8,1e-8,4.9e-6,2.6e-7,1e-10,NA,1.88e-10,1.51e-10,NA,P6_3/mmc,\ensuremath{P6_3/mmc},194,Inf,Inf,,6S5/2,90,0.016,NA,NA,Gmelin16243,50119,3162,Silvery-white metallic transition element. Obtained as a by-product of molybdenum refinement. Rhenium-molybdenum alloys are superconducting.,Earth,Primordial
Os,Osmium,76,190.23,190.23(3),190.2,22590,3306.15,5285.15,Solid,NA,NA,31,630,130,NA,NA,87,5.1e-6,20000,8.421e-6,3920000000,7,4137063913.415,NA,222000000000,NA,0.25,NA,4940,6,2.2,106.1,4.1,3089,RTECSRN1100000,d,8,6,20,7,Transition Metal,[Xe]6s24f145d6,SlateGray,,CAS7440-04-2,CID23937,Conductor,12000000,8.000000000001e-8,0.66,Paramagnetic,NA,1.4e-5,3e-7,2e-7,6.5e-5,1.8e-7,NA,NA,1.85e-10,1.44e-10,NA,P6_3/mmc,\ensuremath{P6_3/mmc},194,Inf,Inf,,5D4,15,0.0023,NA,NA,Gmelin16234,5012,31623,Hard blue-white metallic transition element. Found with platinum and used in some alloys with platinum and iridium.,Earth,Primordial
Ir,Iridium,77,192.217,192.217(2),192.2,22560,2739.15,4701.15,Solid,NA,NA,26,560,131,NA,NA,150,6.4e-6,19000,8.5203e-6,1670000000,6.5,1760000000,320000000000,210000000000,528000000000,0.26,NA,4825,6,2.2,151,4.1,3089,,d,9,6,21,7,Transition Metal,[Xe]6s24f145d7,Silver,,CAS7439-88-5,CID23924,Conductor,21000000,4.699999999998e-8,0.11,Paramagnetic,NA,3.77e-5,2e-7,2e-7,5.4e-5,4e-8,NA,NA,1.8e-10,1.41e-10,NA,Fm-3m,\ensuremath{Fm\bar{3}m},225,Inf,Inf,,4F9/2,425,0.081,NA,NA,Gmelin16298,7700,203000,"Very hard and brittle, silvery metallic transition element. It has a yellowish cast to it. Salts of iridium are highly colored. It is the most corrosion resistant metal known, not attacked by any acid, but is attacked by molten salts. There are two natural isotopes of iridium, and 4 radioisotopes, the most stable being Ir-192 with a half-life of 73.83 days. Ir-192 decays into {platinum}, while the other radioisotopes decay into {osmium}. Iridium is used in high temperature apparatus, electrical contacts, and as a hardening agent for platinum. Discovered in 1803 by Smithson Tennant in England. The name comes from the Greek word iris, which means rainbow. Iridium metal is generally non-toxic due to its relative unreactivity, but iridium compounds should be considered highly toxic.",Earth,Primordial
Pt,Platinum,78,195.078,195.084(9),195.1,21450,2041.45,4098.15,Solid,NA,NA,20,490,133,NA,NA,71,8.9e-6,19770,9.0948e-6,392000000,3.5,549000000,230000000000,61000000000,168000000000,0.38,NA,2680,6,2.28,205.3,4.1,3089,RTECSTP2160000,d,10,6,22,7,Transition Metal,[Xe]6s14f145d9,Gray,,CAS7440-06-4,CID23939,Conductor,9400000,1.1e-7,NA,Paramagnetic,NA,2.573e-4,5e-7,9e-7,9.8e-5,3.7e-6,NA,NA,1.77e-10,1.36e-10,1.75e-10,Fm-3m,\ensuremath{Fm\bar{3}m},225,Inf,Inf,,3D3,10,0.002,NA,NA,Gmelin79607,200000,30000,"Attractive greyish-white metal. When pure, it is malleable and ductile. Does not oxidize in air, insoluble in hydrochloric and nitric acid. Corroded by halogens, cyanides, sulphur and alkalis. {Hydrogen} and {oxygen} react explosively in the presence of platinum. There are six stable isotopes and three radioisotopes, the most stable being Pt-193 with a half-life of 60 years. Platinum is used in jewelry, laboratory equipment, electrical contacts, dentistry, and anti-pollution devices in cars. PtCl2(NH3)2 is used to treat some forms of cancer. Platinum-{cobalt} alloys have magnetic properties. It is also used in the definition of the Standard Hydrogen Electrode. Discovered by Antonio de Ulloa in South America in 1735. The name comes from the Spanish word platina which means silver. Platinum metal is generally not a health concern due to its unreactivity, however platinum compounds should be considered highly toxic.",Earth,Primordial
Au,Gold,79,196.96655,196.966570(4),197,19300,1337.33,3129.15,Solid,NA,NA,12.5,330,129.1,NA,NA,320,1.42e-5,17310,1.021e-5,2450000000,2.5,216000000,220000000000,27000000000,78000000000,0.44,NA,1740,5,2.54,222.8,,,RTECSMD5070000,d,11,6,23,7,Transition Metal,[Xe]6s14f145d10,Gold,,CAS7440-57-5,CID23985,Conductor,45000000,2.2e-8,NA,Diamagnetic,NA,-3.44e-5,6e-8,1e-7,1.7e-5,3.1e-7,5e-9,1e-5,1.74e-10,1.36e-10,1.66e-10,Fm-3m,\ensuremath{Fm\bar{3}m},225,Inf,Inf,,2S1/2,98.7,0.017,NA,NA,Gmelin16246,2511886,50119,"Gold is gold colored. It is the most malleable and ductile metal known. There is only one stable isotope of gold, and five radioisotopes of gold, Au-195 being the most stable with a half-life of 186 days. Gold is used as a monetary standard, in jewelry, dentistry, electronics. Au-198 is used in treating cancer and some other medical conditions. Gold has been known to exist as far back as 2600 BC. Gold comes from the Anglo-Saxon word gold. Its symbol, Au, comes from the Latin word aurum, which means gold. Gold is not particularly toxic, however it is known to cause damage to the liver and kidneys in some.",Earth,Primordial
Hg,Mercury,80,200.59,200.592(3),200.6,13534,234.32,629.88,Liquid,172000000,1750,2.29,59.2,139.5,NA,NA,8.3,1.81e-4,13534,1.48213e-5,NA,NA,NA,25000000000,NA,NA,NA,1.000933,1407,2,2,0,8,2809,RTECSOV4550000,d,12,6,24,7,Transition Metal,[Xe]6s24f145d10,Silver,,CAS7439-97-6,CID23931,Conductor,1000000,9.6e-7,4.154,Diamagnetic,NA,-2.84e-5,1e-7,2e-6,2.5e-5,6.7e-6,5e-9,NA,1.71e-10,1.32e-10,1.55e-10,R-3m,\ensuremath{R\bar{3}m},166,Inf,Inf,,1S0,374,0.063,NA,NA,Gmelin1623,1995262,50.12,"Heavy silvery liquid metallic element, belongs to the zinc group. Used in thermometers, barometers and other scientific apparatus. Less reactive than zinc and cadmium, does not displace hydrogen from acids. Forms a number of complexes and organomercury compounds.",Water,Primordial
Tl,Thallium,81,204.3833,"[204.382, 204.385]",204.4,11850,577.15,1746.15,Solid,NA,NA,4.2,165,129,NA,NA,46,2.99e-5,11220,1.72473e-5,26400000,1.2,NA,43000000000,2800000000,8000000000,0.45,NA,818,3,1.62,19.2,,1707,RTECSXG3425000,p,13,6,25,7,Poor Metal,[Xe]6s24f145d106p1,Silver,,CAS7440-28-0,CID5359464,Conductor,6700000,1.5e-7,2.38,Diamagnetic,NA,-3.56e-5,5e-8,1e-7,7.9e-6,5.4e-5,1e-10,NA,1.56e-10,1.45e-10,1.96e-10,P6_3/mmc,\ensuremath{P6_3/mmc},194,Inf,Inf,,2P1/2,3.4,5.9e-4,NA,NA,Gmelin16308,10000,NA,"Pure, unreacted thallium appears silvery-white and exhibits a metallic lustre. Upon reacting with air, it begins to turn bluish-grey and looks like lead. It is very malleable, and can be cut with a knife. There are two stable isotopes, and four radioisotopes, Tl-204 being the most stable with a half-life of 3.78 years. Thallium sulphate was used as a rodenticide. Thallium sulphine's conductivity changes with exposure to infrared light, this gives it a use in infrared detectors. Discovered by Sir William Crookes via spectroscopy. Its name comes from the Greek word thallos, which means green twig. Thallium and its compounds are toxic and can cause cancer.",Earth,Primordial
Pb,Lead,82,207.2,"[206.14, 207.94]",207.2,11340,600.61,2022.15,Solid,NA,NA,4.77,178,127,NA,NA,35,2.89e-5,10660,1.8272e-5,38300000,1.5,NA,46000000000,5600000000,16000000000,0.44,NA,1260,4,2.33,35.1,,3077,RTECSOF7525000,p,14,6,26,7,Poor Metal,[Xe]6s24f145d106p2,SlateGray,,CAS7439-92-1,CID5352425,Conductor,4800000,2.1e-7,7.2,Diamagnetic,NA,-1.7e-5,1e-6,9.9e-7,1.4e-4,0.001,3e-9,1.7e-4,1.54e-10,1.46e-10,2.02e-10,Fm-3m,\ensuremath{Fm\bar{3}m},225,Inf,Inf,,3P0,0.171,3e-5,NA,NA,Gmelin16240,3981071706,1.905,"Heavy dull grey ductile metallic element, belongs to group 14. Used in building construction, lead-plate accumulators, bullets and shot, and is part of solder, pewter, bearing metals, type metals and fusible alloys.",Earth,Primordial
Bi,Bismuth,83,208.98038,208.98040(1),209,9780,544.45,1837.15,Solid,NA,NA,10.9,160,122,NA,NA,8,1.34e-5,10050,2.1368e-5,94200000,2.25,NA,31000000000,12000000000,32000000000,0.33,NA,1790,5,2.02,91.2,6.1,3080,RTECSEB2600000,p,15,6,27,7,Poor Metal,[Xe]6s24f145d106p3,Gray,,CAS7440-69-9,CID5359367,Conductor,770000,1.3e-6,NA,Diamagnetic,NA,-1.7e-4,7e-8,9.9e-7,6.9e-6,2.5e-6,2e-9,NA,1.43e-10,1.48e-10,NA,C2/m,\ensuremath{C2/m},12,6000761035008e14,870110350076255e12,AlphaEmission,4S3/2,0.034,6e-6,NA,NA,Gmelin16267,6309573,31.62,"White crystalline metal with a pink tinge, belongs to group 15. Most diamagnetic of all metals and has the lowest thermal conductivity of all the elements except mercury. Lead-free bismuth compounds are used in cosmetics and medical procedures. Burns in the air and produces a blue flame. In 1753, C.G. Junine first demonstrated that it was different from lead.",Earth,Primordial
Po,Polonium,84,209,,NA,9196,527.15,1235.15,Solid,NA,NA,13,100,NA,NA,NA,NA,NA,NA,2.272727272727e-5,NA,NA,NA,NA,NA,NA,NA,NA,NA,6,2,183.3,,,,p,16,6,28,7,Chalcogen,[Xe]6s24f145d106p4,Silver,,CAS7440-08-6,,Conductor,2300000,4.3e-7,NA,NA,NA,NA,NA,NA,NA,NA,2e-18,0,1.35e-10,1.4e-10,NA,Pm-3m,\ensuremath{Pm\bar{3}m},221,3220408422.12006,4640588533.74024,AlphaEmission,3P2,0.5,NA,NA,NA,,NA,NA,"Rare radioactive metallic element, belongs to group 16 of the periodic table. Over 30 known isotopes exist, the most of all elements. Po-209 has a half-life of 103 years. Possible uses in heating spacecraft. Discovered by Marie Curie in 1898 in a sample of pitchblende.",Earth,From decay
At,Astatine,85,210,,NA,NA,575.15,NA,Solid,NA,NA,6,40,NA,NA,NA,2,NA,NA,NA,NA,NA,NA,NA,NA,NA,NA,NA,NA,7,2.2,270.1,,,,p,17,6,29,7,Halogen,[Xe]6s24f145d106p5,Silver,,CAS7440-68-8,,NA,NA,NA,NA,NA,NA,NA,NA,NA,0,0,0,0,1.27e-10,1.5e-10,NA,,,NA,29000.0000000016,42000.000000012,BetaPlusDecay,2P3/2,NA,NA,NA,NA,,NA,NA,"Radioactive halogen element. Occurs naturally from uranium and thorium decay. At least 20 known isotopes. At-210, the most stable, has a half-life of 8.3 hours. Synthesized by nuclear bombardment in 1940 by D.R. Corson, K.R. MacKenzie and E. Segre at the University of California.",Fire,From decay
Rn,Radon,86,222,,NA,9.73,202.15,211.45,Gas,6280000,377,3,17,93.65,5/3,NA,0.00361,NA,NA,0.02281603288798,NA,NA,NA,NA,NA,NA,NA,NA,NA,6,NA,0,7,2912,RTECSVE3750000,p,18,6,30,7,Noble Gas,[Xe]6s24f145d106p6,Colourless,Monoatomic,CAS10043-92-2,CID24857,NA,NA,NA,NA,NA,NA,NA,NA,NA,NA,NA,6e-20,NA,1.2e-10,1.5e-10,NA,,,NA,330349.999999968,476590.000000003,AlphaEmission,1S0,0.7,NA,NA,NA,Gmelin16242,NA,NA,"Colorless radioactive gaseous element, belongs to the noble gases. Of the twenty known isotopes, the most stable is Rn-222 with a half-life of 3.8 days. Formed by the radioactive decay of {Radium}-226. Radon itself decays into {polonium}. Used in radiotherapy. As a noble gas, it is effectively inert, though radon fluoride has been synthesized. First isolated in 1908 by Ramsey and Gray.",Air,From decay
Fr,Francium,87,223,,NA,NA,NA,NA,Solid,NA,NA,2,64,NA,NA,NA,NA,NA,NA,NA,NA,NA,NA,NA,NA,NA,NA,NA,NA,1,0.7,NA,,,,s,1,7,31,7,Alkali Metal,[Rn]7s1,Silver,,CAS7440-73-5,,NA,NA,NA,NA,NA,NA,NA,NA,NA,NA,NA,NA,0,NA,2.6e-10,NA,,,NA,1300.0000000002,1900.0000000002,BetaDecay,2S1/2,NA,NA,NA,NA,,NA,NA,"Radioactive element, belongs to group 1 of the periodic table. Found in uranium and thorium ores. The 22 known isotopes are all radioactive, with the most stable being Fr-223. Its existence was confirmed in 1939 by Marguerite Perey.",Fire,From decay
Ra,Radium,88,226,,NA,5000,973.15,2010.15,Solid,NA,NA,8,125,92,NA,NA,19,NA,NA,4.52e-5,NA,NA,NA,NA,NA,NA,NA,NA,NA,2,0.9,NA,,,,s,2,7,32,7,Alkaline Earth Metal,[Rn]7s2,Silver,,CAS7440-14-4,CID6328144,Conductor,1000000,1e-6,NA,NA,NA,NA,NA,NA,NA,1e-11,1e-15,1e-13,NA,2.21e-10,NA,Im-3m,\ensuremath{Im\bar{3}m},229,50006341958.3895,73009259259.2651,AlphaEmission,1S0,13,NA,NA,NA,Gmelin40437,NA,NA,"Radioactive metallic transuranic element, belongs to group 2 of the periodic table. Most stable isotope, Ra-226 has a half-life of 1602 years, which decays into radon. Isolated from pitchblende in 1898 Marie and Pierre Curie.",Earth,From decay
Ac,Actinium,89,227,,NA,10070,1323.15,3473.15,Solid,NA,NA,14,400,120,NA,NA,12,NA,NA,2.254220456802e-5,NA,NA,NA,NA,NA,NA,NA,NA,NA,3,1.1,NA,,,,f,4,9,1,8,Actinide,[Rn]7s26d1,Silver,,CAS7440-34-8,,NA,NA,NA,NA,NA,NA,NA,NA,0,NA,NA,NA,0,NA,2.15e-10,NA,Fm-3m,\ensuremath{Fm\bar{3}m},225,687147146.11887,991335724.251734,BetaDecay,2D3/2,880,0.078,NA,NA,,NA,NA,"Silvery radioactive metallic element, belongs to group 3 of the periodic table. The most stable isotope, Ac-227, has a half-life of 217 years. Ac-228 (half-life of 6.13 hours) also occurs in nature. There are 22 other artificial isotopes, all radioactive and having very short half-lives. Chemistry similar to lanthanum. Used as a source of alpha particles. Discovered by A. Debierne in 1899.",Earth,From decay
Th,Thorium,90,232.0381,232.0377(4),232,11724,2023.15,5093.15,Solid,NA,NA,16,530,118,NA,NA,54,1.1e-5,NA,1.97917e-5,400000000,3,350000000,54000000000,31000000000,79000000000,0.27,NA,2490,4,1.3,NA,7,2975,RTECSXO6400000,f,5,9,2,8,Actinide,[Rn]7s26d2,Silver,,CAS7440-29-1,CID23960,Conductor,6700000,1.5e-7,1.38,Paramagnetic,NA,8.4e-5,4e-8,3e-8,3.9e-6,6e-4,4e-12,0,NA,2.06e-10,NA,Fm-3m,\ensuremath{Fm\bar{3}m},225,443456240487024e3,639781139015595400,AlphaEmission,3F2,7.4,0.001,403.15,NA,Gmelin16314,NA,79.43,"Grey radioactive metallic element. Belongs to actinoids. Found in monazite sand in Brazil, India and the US.  Thorium-232 has a half-life of 1.39x10^10 years. Can be used as a nuclear fuel for breeder reactors. Thorium-232 captures slow {neutron}s and breeds uranium-233. Discovered by Jons J. Berzelius in 1829.",Earth,Primordial
Pa,Protactinium,91,231.03588,231.03588(1),231,15370,1845.15,4273.15,Solid,NA,NA,15,470,99.1,NA,NA,47,NA,NA,1.50316e-5,NA,NA,NA,NA,NA,NA,NA,NA,NA,5,1.5,NA,,,,f,6,9,3,8,Actinide,[Rn]7s25f26d1,Silver,,CAS7440-13-3,,Conductor,5600000,1.8e-7,1.41,Paramagnetic,NA,4.995e-4,NA,NA,NA,9.9e-13,2e-23,0,NA,2e-10,NA,I4/mmm,\ensuremath{I4/mmm},139,1034131151699.56,1491189117199.3,AlphaEmission,4K11/2,200,NA,NA,NA,,NA,NA,"Radioactive metallic element, belongs to the actinoids. The most stable isotope, Pa-231 has a half-life of 2.43*10^4 years. At least 10 other radioactive isotopes are known. No practical applications are known. Discovered in 1917 by Lise Meitner and Otto Hahn.",Earth,From decay
U,Uranium,92,238.02891,238.02891(3),238,19050,1408.15,4200.15,Solid,NA,NA,14,420,116,NA,NA,27,1.39e-5,17300,1.2495e-5,2400000000,6,1960000000,100000000000,111000000000,208000000000,0.23,NA,3155,6,1.38,NA,7,2979,RTECSYR3490000,f,7,9,4,8,Actinide,[Rn]7s25f36d1,Silver,,CAS7440-61-1,CID23989,Conductor,3600000,2.8e-7,0.69,Paramagnetic,NA,4.11e-4,2e-8,1e-7,9.8e-7,1.8e-4,3.3e-7,1e-7,NA,1.96e-10,1.86e-10,Cmcm,\ensuremath{Cmcm},63,141017884322684960,203425799086766900,AlphaEmission,5L6,7.57,5e-4,NA,NA,Gmelin16315,50118723,100,"White radioactive metallic element belonging to the actinoids. Three natural isotopes, U-238, U-235 and U-234. Uranium-235 is used as the fuel for nuclear reactors and weapons. Discovered by Martin H. Klaproth in 1789.",Earth,Primordial
Np,Neptunium,93,237,,NA,20450,917.15,4273.15,Solid,NA,NA,10,335,NA,NA,NA,6,NA,NA,1.158924205379e-5,NA,NA,NA,NA,NA,NA,NA,NA,NA,6,1.36,NA,,,,f,8,9,5,8,Actinide,[Rn]7s25f46d1,Silver,,CAS7439-99-8,,Conductor,830000,1.2e-6,NA,NA,NA,NA,NA,0,0,0,0,0,NA,1.9e-10,NA,Pnma,\ensuremath{Pnma},62,67668581938117.9,97622380771173.9,AlphaEmission,6L11/2,180,NA,NA,NA,,NA,NA,"Radioactive metallic transuranic element, belongs to the actinoids. Np-237, the most stable isotope, has a half-life of 2.2*10^6 years and is a by product of nuclear reactors. The other known isotopes have mass numbers 229 through 236, and 238 through 241. Np-236 has a half-life of 5*10^3 years. First produced by Edwin M. McMillan and P.H. Abelson in 1940.",Earth,From decay
Pu,Plutonium,94,244,,NA,19816,913.15,3503.15,Solid,NA,NA,NA,325,NA,NA,NA,6,NA,16630,1.231328219621e-5,NA,NA,NA,NA,43000000000,96000000000,0.21,NA,2260,6,1.28,NA,,,,f,9,9,6,8,Actinide,[Rn]7s25f6,Silver,,CAS7440-07-5,CID23940,Conductor,670000,1.5e-6,NA,Paramagnetic,NA,6.282e-4,NA,0,0,0,0,0,NA,1.87e-10,NA,P2_1/m,\ensuremath{P2_1/m},11,2500317097919792,3600456621006064,AlphaEmission,7F0,1.7,NA,NA,NA,Gmelin40432,NA,NA,"Dense silvery radioactive metallic transuranic element, belongs to the actinoids. Pu-244 is the most stable isotope with a half-life of 7.6*10^7 years. Thirteen isotopes are known. Pu-239 is the most important, it undergoes nuclear fission with slow neutrons and is hence important to nuclear weapons and reactors. Plutonium production is monitored down to the gram to prevent military misuse. First produced by Gleen T. Seaborg, Edwin M. McMillan, J.W. Kennedy and A.C. Wahl in 1940.",Earth,From decay
Am,Americium,95,243,,NA,13670,1449.15,2284.15,Solid,NA,NA,NA,NA,NA,NA,NA,10,NA,NA,1.777615215801e-5,NA,NA,NA,NA,NA,NA,NA,NA,NA,4,1.3,NA,,,,f,10,9,7,8,Actinide,[Rn]7s25f7,Silver,,CAS7440-35-9,,NA,NA,NA,0.6,Paramagnetic,NA,7.04e-4,NA,0,0,0,0,0,NA,1.8e-10,NA,P6_3/mmc,\ensuremath{P6_3/mmc},194,233029553526.124,336042617960.272,AlphaEmission,8S7/2,74,NA,NA,NA,,NA,NA,"Radioactive metallic transuranic element, belongs to the actinoids. Ten known isotopes. Am-243 is the most stable isotope, with a half-life of 7.95*10^3 years. Discovered by Glenn T. Seaborg and associates in 1945, it was obtained by bombarding {uranium}-238 with alpha particles.",Earth,Synthetic
Cm,Curium,96,247,,NA,13510,1618.15,3383.15,Solid,NA,NA,NA,NA,NA,NA,NA,NA,NA,NA,1.828275351591e-5,NA,NA,NA,NA,NA,NA,NA,NA,NA,4,1.3,NA,,,,f,11,9,8,8,Actinide,[Rn]7s25f76d1,Silver,,CAS7440-51-9,,NA,NA,NA,NA,NA,NA,NA,NA,0,0,0,0,0,NA,1.69e-10,NA,P6_3/mmc,\ensuremath{P6_3/mmc},194,492062404870555,710090055809144,AlphaEmission,9D2,60,NA,NA,NA,,NA,NA,"Radioactive metallic transuranic element. Belongs to actinoid series. Nine known isotopes, Cm-247 has a half-life of 1.64*10^7 years. First identified by Glenn T. Seaborg and associates in 1944, first produced by L.B. Werner and I. Perlman in 1947 by bombarding americium-241 with {neutron}s. Named for Marie Curie.",Earth,Synthetic
Bk,Berkelium,97,247,,NA,14780,1323.15,NA,Solid,NA,NA,NA,NA,NA,NA,NA,10,NA,NA,1.671177266576e-5,NA,NA,NA,NA,NA,NA,NA,NA,NA,4,1.3,NA,,,,f,12,9,9,8,Actinide,[Rn]7s25f9,,,CAS7440-40-6,CID23971,NA,NA,NA,NA,NA,NA,NA,NA,0,0,0,0,0,NA,NA,NA,P6_3/mmc,\ensuremath{P6_3/mmc},194,43505517503.8128,62807965499.7332,AlphaEmission,6H15/2,710,NA,NA,NA,,NA,NA,"Radioactive metallic transuranic element. Belongs to actinoid series. Eight known isotopes, the most common Bk-247, has a half-life of 1.4*10^3 years. First produced by Glenn T. Seaborg and associates in 1949 by bombarding americium-241 with alpha particles.",Earth,Synthetic
Cf,Californium,98,251,,NA,15100,1173.15,NA,Solid,NA,NA,NA,NA,NA,NA,NA,NA,NA,NA,1.662251655629e-5,NA,NA,NA,NA,NA,NA,NA,NA,NA,4,1.3,NA,,,,f,13,9,10,8,Actinide,[Rn]7s25f10,,,CAS7440-71-3,,NA,NA,NA,NA,NA,NA,NA,NA,0,0,0,0,0,NA,NA,NA,P6_3/mmc,\ensuremath{P6_3/mmc},194,28403602232.3689,41005200405.8744,AlphaEmission,5I8,2900,NA,NA,NA,,NA,NA,"Radioactive metallic transuranic element. Belongs to actinoid series. Cf-251 has a half life of about 700 years. Nine isotopes are known. Cf-252 is an intense {neutron} source, which makes it an intense {neutron} source and gives it a use in {neutron} activation analysis and a possible use as a radiation source in medicine. First produced by Glenn T. Seaborg and associates in 1950.",Earth,Synthetic
Es,Einsteinium,99,252,,NA,NA,1133.15,NA,Solid,NA,NA,NA,NA,NA,NA,NA,NA,NA,NA,NA,NA,NA,NA,NA,NA,NA,NA,NA,NA,4,1.3,NA,,,,f,14,9,11,8,Actinide,[Rn]7s25f11,,,CAS7429-92-7,,NA,NA,NA,NA,NA,NA,NA,NA,0,0,0,0,0,NA,NA,NA,,,NA,40755168.6960805,58807458.1430633,AlphaEmission,5I15/2,160,NA,NA,NA,,NA,NA,"Appearance is unknown, however it is most probably metallic and silver or gray in color. Radioactive metallic transuranic element belonging to the actinoids. Es-254 has the longest half-life of the eleven known isotopes at 270 days. First identified by Albert Ghiorso and associates in the debris of the 1952 hydrogen bomb explosion. In 1961 the first microgram quantities of Es-232 were separated. While einsteinium never exists naturally, if a sufficient amount was assembled, it would pose a radiation hazard.",Earth,Synthetic
Fm,Fermium,100,257,,NA,NA,1800.15,NA,,NA,NA,NA,NA,NA,NA,NA,NA,NA,NA,NA,NA,NA,NA,NA,NA,NA,NA,NA,NA,3,1.3,NA,,,,f,15,9,12,8,Actinide,[Rn]7s25f12,,,CAS7440-72-4,,NA,NA,NA,NA,NA,NA,NA,NA,0,0,0,0,0,NA,NA,NA,,,NA,8683000.00000128,12529999.9999958,AlphaEmission,3H6,5800,NA,NA,NA,,NA,NA,"Radioactive metallic transuranic element, belongs to the actinoids. Ten known isotopes, most stable is Fm-257 with a half-life of 10 days. First identified by Albert Ghiorso and associates in the debris of the first hydrogen-bomb explosion in 1952.",Earth,Synthetic
Md,Mendelevium,101,258,,NA,NA,1101.15,NA,,NA,NA,NA,NA,NA,NA,NA,NA,NA,NA,NA,NA,NA,NA,NA,NA,NA,NA,NA,NA,3,1.3,NA,,,,f,16,9,13,8,Actinide,[Rn]7s25f13,,,CAS7440-11-1,,NA,NA,NA,NA,NA,NA,NA,NA,0,0,0,0,0,NA,NA,NA,,,NA,4450000.00000003,6420000.00000038,AlphaEmission,2F7/2,NA,NA,NA,NA,,NA,NA,"Radioactive metallic transuranic element. Belongs to the actinoid series. Only known isotope, Md-256 has a half-life of 1.3 hours. First identified by Glenn T. Seaborg, Albert Ghiorso and associates in 1955. Alternative name {unnilunium} has been proposed. Named after the 'inventor' of the periodic table, Dmitri Mendeleev.",Earth,Synthetic
No,Nobelium,102,259,,NA,NA,1101.15,NA,,NA,NA,NA,NA,NA,NA,NA,NA,NA,NA,NA,NA,NA,NA,NA,NA,NA,NA,NA,NA,3,1.3,NA,,,,f,17,9,14,8,Actinide,[Rn]7s25f14,,,CAS10028-14-5,,NA,NA,NA,NA,NA,NA,NA,NA,0,0,0,0,0,NA,NA,NA,,,NA,10000.0000000008,20000.0000000016,AlphaEmission,1S0,NA,NA,NA,NA,,NA,NA,"Radioactive metallic transuranic element, belongs to the actinoids. Seven known isotopes exist, the most stable being No-254 with a half-life of 255 seconds. First identified with certainty by Albert Ghiorso and Glenn T. Seaborg in 1966. {Unnilbium} has been proposed as an alternative name.",Fire,Synthetic
Lr,Lawrencium,103,262,,NA,NA,1900.15,NA,,NA,NA,NA,NA,NA,NA,NA,NA,NA,NA,NA,NA,NA,NA,NA,NA,NA,NA,NA,NA,3,NA,NA,,,,d,18,9,15,8,Actinide,[Rn]7s25f147p1,,,CAS22537-19-5,,NA,NA,NA,NA,NA,NA,NA,NA,0,0,0,0,0,NA,NA,NA,,,NA,36000,51999.999999984,AlphaEmission,2P1/2,NA,NA,NA,NA,,NA,NA,"Appearance unknown, however it is most likely silvery-white or grey and metallic. Lawrencium is a synthetic rare-earth metal. There are eight known radioisotopes, the most stable being Lr-262 with a half-life of 3.6 hours. Due to the short half-life of lawrencium, and its radioactivity, there are no known uses for it. Identified by Albert Ghiorso in 1961 at Berkeley. It was produced by bombarding californium with boron ions. The name is temporary {IUPAC} nomenclature, the origin of the name comes from Ernest O. Lawrence, the inventor of the cyclotron. If sufficient amounts of lawrencium were produced, it would pose a radiation hazard.",Fire,Synthetic
Rf,Rutherfordium,104,261,,NA,NA,NA,NA,,NA,NA,NA,NA,NA,NA,NA,NA,NA,NA,NA,NA,NA,NA,NA,NA,NA,NA,NA,NA,4,NA,NA,,,,d,4,7,16,8,Transition Metal,[Rn]7s25f146d2,,,CAS53850-36-5,,NA,NA,NA,NA,NA,NA,NA,NA,0,0,0,0,0,NA,NA,NA,,,NA,47000.000000016,68000.000000004,AlphaEmission,3F2,NA,NA,NA,NA,,NA,NA,Radioactive transactinide element. Expected to have similar chemical properties to those displayed by hafnium. Rf-260 was discovered by the Joint Nuclear Research Institute at Dubna (U.S.S.R.) in 1964. Researchers at Berkeley discovered Unq-257 and Unq-258 in 1964.,Fire,Synthetic
Db,Dubnium,105,262,,NA,NA,NA,NA,,NA,NA,NA,NA,NA,NA,NA,NA,NA,NA,NA,NA,NA,NA,NA,NA,NA,NA,NA,NA,5,NA,NA,,,,d,5,7,17,8,Transition Metal,[Rn]7s25f146d3,,,CAS53850-35-4,,NA,NA,NA,NA,NA,NA,NA,NA,0,0,0,0,0,NA,NA,NA,,,NA,20000.0000000016,29999.9999999988,AlphaEmission,4F3/2,NA,NA,NA,NA,,NA,NA,"Radioactive transactinide element. Half-life of 1.6s. Discovered in 1970 by Berkeley researchers. So far, seven isotopes have been discovered.",Fire,Synthetic
Sg,Seaborgium,106,266,,NA,NA,NA,NA,,NA,NA,NA,NA,NA,NA,NA,NA,NA,NA,NA,NA,NA,NA,NA,NA,NA,NA,NA,NA,6,NA,NA,,,,d,6,7,18,8,Transition Metal,[Rn]7s25f146d4,,,CAS54038-81-2,,NA,NA,NA,NA,NA,NA,NA,NA,0,0,0,0,0,NA,NA,NA,,,NA,6999.9999999984,10000.0000000008,AlphaEmission,5D0,NA,NA,NA,NA,,NA,NA,Half-life of 0.9 +/- 0.2 s. Discovered by the Joint Institute for Nuclear Research at Dubna (U.S.S.R.) in June of 1974. Its existence was confirmed by the Lawrence Berkeley Laboratory and Livermore National Laboratory in September of 1974.,Fire,Synthetic
Bh,Bohrium,107,264,,NA,NA,NA,NA,,NA,NA,NA,NA,NA,NA,NA,NA,NA,NA,NA,NA,NA,NA,NA,NA,NA,NA,NA,NA,7,NA,NA,,,,d,7,7,19,8,Transition Metal,[Rn]7s25f146d5,,,CAS54037-14-8,,NA,NA,NA,NA,NA,NA,NA,NA,0,0,0,0,0,NA,NA,NA,,,NA,5400,7800.0000000012,AlphaEmission,6S5/2,NA,NA,NA,NA,,NA,NA,Radioactive transition metal. Half-life of approximately 1/500 s. Discovered by the Joint Institute for Nuclear Research at Dubna (U.S.S.R.) in 1976. Confirmed by West German physicists at the Heavy Ion Research Laboratory at Darmstadt.,Fire,Synthetic
Hs,Hassium,108,277,,NA,NA,NA,NA,,NA,NA,NA,NA,NA,NA,NA,NA,NA,NA,NA,NA,NA,NA,NA,NA,NA,NA,NA,NA,NA,NA,NA,,,,d,8,7,20,8,Transition Metal,[Rn]7s25f146d6,,,CAS54037-57-9,,NA,NA,NA,NA,NA,NA,NA,NA,0,0,0,0,0,NA,NA,NA,,,NA,3999.9999999996,5000.0000000004,AlphaEmission,5D4,NA,NA,NA,NA,,NA,NA,Radioactive transition metal.,Fire,Synthetic
Mt,Meitnerium,109,268,,NA,NA,NA,NA,,NA,NA,NA,NA,NA,NA,NA,NA,NA,NA,NA,NA,NA,NA,NA,NA,NA,NA,NA,NA,NA,NA,NA,,,,d,9,7,21,8,Transition Metal,[Rn]7s25f146d7,,,CAS54038-01-6,,NA,NA,NA,NA,NA,NA,NA,NA,0,0,0,0,0,NA,NA,NA,,,NA,1800,2599.9999999998,AlphaEmission,4F9/2,NA,NA,NA,NA,,NA,NA,"Half-life of approximately 5ms. The creation of this element demonstrated that fusion techniques could indeed be used to make new, heavy nuclei. Made and identified by physicists of the Heavy Ion Research Laboratory, Darmstadt, West Germany in 1982. Named in honor of Lise Meitner the Austrian physicist.",Fire,Synthetic
Ds,Darmstadtium,110,281,,NA,NA,NA,NA,,NA,NA,NA,NA,NA,NA,NA,NA,NA,NA,NA,NA,NA,NA,NA,NA,NA,NA,NA,NA,NA,NA,NA,,,,d,10,7,22,8,Transition Metal,[Rn]7s15f146d9,,,CAS54083-77-1,,NA,NA,NA,NA,NA,NA,NA,NA,0,0,0,0,0,NA,NA,NA,,,NA,240,349.99999999998,AlphaEmission,3D3,NA,NA,NA,NA,,NA,NA,"Half-life of approximately 10ms. Reported in 1994 by German researchers at Darmstadt, Germany. Darmstadtium, formerly known as ununnilium, is placed as the heaviest member of group 10 but a sufficiently stable isotope is not known which would allow chemical experiments to confirm its place. This synthetic element is one of the so-called super-heavy atoms and was first synthesized in 1994. The longest-lived and heaviest isotope known is 281Ds with a half-life of ~10 s although a possible isomer, 281bDs has an unconfirmed half-life of about 4 minutes. Element 110 was first given the temporary name ununnilium (symbol Uun). Once recognized as discoverers, the team at GSI considered the names darmstadtium (Ds) and wixhausium (Wi) for element 110. They decided on the former and named the element after the city near the place of its discovery, Darmstadt and not the suburb Wixhausen itself. The new name was officially recommended by IUPAC on August 16, 2003.",Fire,Synthetic
Rg,Roentgenium,111,272,,NA,NA,NA,NA,,NA,NA,NA,NA,NA,NA,NA,NA,NA,NA,NA,NA,NA,NA,NA,NA,NA,NA,NA,NA,NA,NA,NA,,,,d,11,7,23,8,Transition Metal,[Rn]7s15f146d10,,,CAS54386-24-2,,NA,NA,NA,NA,NA,NA,NA,NA,0,0,0,0,0,NA,NA,NA,,,NA,600,870,AlphaEmission,2S1/2,NA,NA,NA,NA,,NA,NA,"Roentgenium is placed as the heaviest member of the group 11 (IB) elements, although a sufficiently stable isotope is not known at this time that would allow its position as a heavier homologue of gold to be confirmed. Roentgenium was first observed in 1994 and several isotopes have been synthesized since its first discovery. The most stable known isotope is 280Rg with a half-life of ~4 seconds. Roentgenium was officially discovered by Peter Armbruster, Gottfried Mnzenberg, and their team working at the Gesellschaft fr Schwerionenforschung (GSI) in Darmstadt, Germany on December 8, 1994. Only three atoms of it were observed (all 272Rg), by the cold fusion between nickel ions and a bismuth target in a linear accelerator. In 2001, the IUPAC/IUPAP Joint Working Party (JWP) concluded that there was insufficient evidence for the discovery at that moment in time. The GSI team repeated their experiment in 2000 and detected a further 3 atoms. In their 2003 report, the JWP decided that the GSI team should be acknowledged as the discoverers. The name roentgenium (Rg) was proposed by the GSI team in honor of the German physicist Wilhelm Conrad Rntgen, and was accepted as a permanent name on November 1, 2004. Previously the element was known under the temporary IUPAC systematic element name unununium, Uuu.",Fire,Synthetic
Cn,Copernicium,112,NA,,NA,NA,NA,NA,,NA,NA,NA,NA,NA,NA,NA,NA,NA,NA,NA,NA,NA,NA,NA,NA,NA,NA,NA,NA,NA,NA,NA,,,,d,12,7,24,8,Transition Metal,[Rn]7s25f146d10,,,CAS54084-26-3,,NA,NA,NA,NA,NA,NA,NA,NA,0,0,0,0,0,NA,NA,NA,,,NA,2400,3499.9999999998,AlphaEmission,1S0,NA,NA,NA,NA,,NA,NA,"Ununbium was first created by the GSI in 1996, who have now proposed the permanent name copernicium and the symbol Cn. This name is expected to be officially endorsed by IUPAC in January 2010, after six months for discussion. Element 112 is currently the highest-numbered element to be officially recognised by IUPAC. The most stable isotope discovered to date is 285Uub with a half-life of ~30 s. In total, about 75 atoms of ununbium have been detected using various nuclear reactions. An unconfirmed isotope, 285bUub, has a possible half-life of ~9 minutes, and would be one of the longest-lived superheavy isotopes known to date. Recent experiments strongly suggest that ununbium behaves as a typical member of group 12, demonstrating properties consistent with a volatile metal.",Fire,Synthetic
Nh,Nihonium,113,NA,,NA,NA,NA,NA,,NA,NA,NA,NA,NA,NA,NA,NA,NA,NA,NA,NA,NA,NA,NA,NA,NA,NA,NA,NA,NA,NA,NA,,,,p,13,7,25,8,Poor Metal,[Rn]7s25f146d107p1,,,CAS54084-70-7,,NA,NA,NA,NA,NA,NA,NA,NA,0,0,0,0,0,NA,NA,NA,,,NA,1200,1699.9999999998,AlphaEmission,2P1/2,NA,NA,NA,NA,,NA,NA,Ununtrium is the temporary name of a synthetic element with the temporary symbol Uut and atomic number 113. It is placed as the heaviest member of the group 13 (IIIA) elements although a sufficiently stable isotope is not known at this time that would allow chemical experiments to confirm its position. It was first detected in 2003 in the decay of element 115 and was synthesized directly in 2004. Only eight atoms of ununtrium have been observed to date. The longest-lived isotope known is 284113 with a half-life of ~500 ms.,Fire,Synthetic
Fl,Flerovium,114,NA,,NA,NA,NA,NA,,NA,NA,NA,NA,NA,NA,NA,NA,NA,NA,NA,NA,NA,NA,NA,NA,NA,NA,NA,NA,NA,NA,NA,,,,p,14,7,26,8,Poor Metal,[Rn]7s25f146d107p2,,,CAS54085-16-4,,NA,NA,NA,NA,NA,NA,NA,NA,0,0,0,0,0,NA,NA,NA,,,NA,79.00000000002,120,AlphaEmission,3P0,NA,NA,NA,NA,,NA,NA,"Ununquadium is the temporary name of a radioactive chemical element with the temporary symbol Uuq and atomic number 114. About 80 decays of atoms of ununquadium have been observed to date, 50 directly and 30 from the decay of the heavier elements ununhexium and ununoctium. All decays have been assigned to the four neighbouring isotopes with mass numbers 286-289. The longest-lived isotope currently known is 289114 with a half-life of ~2.6 s, although there is evidence for an isomer, 289b114, with a half-life of ~66 s, that would be one of the longest-lived nuclei in the superheavy element region. Recent chemistry experiments have strongly indicated that element 114 possesses non-'eka'-lead properties and appears to behave as the first superheavy element that portrays noble-gas-like properties due to relativistic effects.",Fire,Synthetic
Mc,Moscovium,115,NA,,NA,NA,NA,NA,,NA,NA,NA,NA,NA,NA,NA,NA,NA,NA,NA,NA,NA,NA,NA,NA,NA,NA,NA,NA,NA,NA,NA,,,,p,15,7,27,8,Poor Metal,[Rn]7s25f146d107p3,,,CAS54085-64-2,,NA,NA,NA,NA,NA,NA,NA,NA,0,0,0,0,0,NA,NA,NA,,,NA,60,90,AlphaEmission,4S3/2,NA,NA,NA,NA,,NA,NA,"Ununpentium is the temporary name of a synthetic superheavy element in the periodic table that has the temporary symbol Uup and has the atomic number 115. It is placed as the heaviest member of group 15 (VA) although a sufficiently stable isotope is not known at this time that would allow chemical experiments to confirm its position. It was first observed in 2003 and only about 30 atoms of ununpentium have been synthesized to date, with just 4 direct decays of the parent element having been detected. Two isotopes are currently known, Uup-287 and Uup-288, with 288Uup having the longer half-life of ~100 ms.",Fire,Synthetic
Lv,Livermorium,116,NA,,NA,NA,NA,NA,,NA,NA,NA,NA,NA,NA,NA,NA,NA,NA,NA,NA,NA,NA,NA,NA,NA,NA,NA,NA,NA,NA,NA,,,,p,16,7,28,8,Poor Metal,[Rn]7s25f146d107p4,,,CAS54100-71-9,,NA,NA,NA,NA,NA,NA,NA,NA,0,0,0,0,0,NA,NA,NA,,,NA,0.12,0.173,AlphaEmission,3P2,NA,NA,NA,NA,,NA,NA,"Ununhexium is the temporary name of a synthetic superheavy element with the temporary symbol Uuh and atomic number 116. It is placed as the heaviest member of group 16 (VIA) although a sufficiently stable isotope is not known at this time to allow chemical experiments to confirm its position as the heavier homologue to polonium. It was first detected in 2000 and since the discovery about 30 atoms of ununhexium have been produced, either directly or as a decay product of ununoctium, and are associated with decays from the four neighbouring isotopes with masses 290.293. The most stable isotope to date is Uuh-293 with a half-life of ~60 ms.",Fire,Synthetic
Ts,Tennessine,117,NA,,NA,NA,NA,NA,,NA,NA,NA,NA,NA,NA,NA,NA,NA,NA,NA,NA,NA,NA,NA,NA,NA,NA,NA,NA,NA,NA,NA,,,,p,17,7,29,8,Halogen,[Rn]7s25f146d107p5,,,CAS87658-56-8,,NA,NA,NA,NA,NA,NA,NA,NA,0,0,0,0,0,NA,NA,NA,,,NA,0.05,0.072,,2P3/2,NA,NA,NA,NA,,NA,NA,"Ununseptium is the temporary name of an undiscovered chemical element with the temporary symbol Uus and atomic number 117. It is the only missing element in period 7 of the periodic table. Since it is placed below the halogens it may share qualities similar to astatine or iodine. The first attempt to synthesize this element is currently underway at the Flerov Laboratory of Nuclear Reactions in Dubna, Russia.",Fire,Synthetic
Og,Oganesson,118,NA,,NA,NA,NA,NA,,NA,NA,NA,NA,NA,NA,NA,NA,NA,NA,NA,NA,NA,NA,NA,NA,NA,NA,NA,NA,NA,NA,NA,,,,p,18,7,30,8,Noble Gas,[Rn]7s25f146d107p6,,,CAS54144-19-3,,NA,NA,NA,NA,NA,NA,NA,NA,0,0,0,0,0,NA,NA,NA,,,NA,0.005,0.007,AlphaEmission,1S0,NA,NA,NA,NA,,NA,NA,"Ununoctium , also known as eka-radon or element 118, is the temporary IUPAC name for the transactinide element having the atomic number 118 and temporary element symbol Uuo. On the periodic table of the elements, it is a p-block element and the last one of the 7th period. Ununoctium is currently the only synthetic member of Group 18. It has the highest atomic number and highest atomic mass of all discovered elements. The radioactive ununoctium atom is very unstable, and since 2002, only three atoms (possibly four) of the isotope 294Uuo have been detected. While this allowed for very little experimental characterization of its properties and possible compounds, theoretical calculations have allowed for many predictions, including some very unexpected ones. For example, although ununoctium is a member of Group 18, it is probably not a noble gas, as are all the other Group 18 elements. It was formerly thought to be a gas but is now predicted to be a solid under normal conditions.",Fire,Synthetic
